馬番,馬齢,オッズ,斤量,脚質,総合値,SP 値,AG 値,SA 値,馬連率,戦数,賞金平均,KI 値,id,race
5,牡3,1.7,56,2 先,50.0,55.0,100.0,101.0,0.0,2.0,95.0,15.0,20130303_小倉_結果_1,1
6,牡3,7.9,56,2 先,27.0,85.0,95.0,81.0,0.0,7.0,41.0,20.0,20130303_小倉_結果_1,1
9,牡3,13.8,56,3 差,26.0,45.0,65.0,78.0,0.0,5.0,34.0,30.0,20130303_小倉_結果_1,1
3,牝3,16.4,54,2 先,10.0,35.0,76.0,89.0,0.0,5.0,15.0,15.0,20130303_小倉_結果_1,1
8,牡3,9.6,56,3 差,27.0,85.0,88.0,79.0,0.0,4.0,37.0,20.0,20130303_小倉_結果_1,1
11,牝3,39.2,54,3 差,20.0,40.0,94.0,80.0,0.0,3.0,60.0,25.0,20130303_小倉_結果_1,1
12,牝3,6.1,54,1 逃,29.0,55.0,95.0,92.0,25.0,4.0,62.0,30.0,20130303_小倉_結果_1,1
2,牡3,175.5,53,3 差,18.0,35.0,48.0,76.0,0.0,12.0,0.0,10.0,20130303_小倉_結果_1,1
1,牡3,33.7,54,3 差,17.0,50.0,78.0,73.0,0.0,2.0,45.0,15.0,20130303_小倉_結果_1,1
16,牝3,63.0,52,2 先,9.0,0.0,79.0,70.0,0.0,4.0,12.0,20.0,20130303_小倉_結果_1,1
4,牡3,242.7,56,3 差,5.0,0.0,67.0,76.0,0.0,9.0,0.0,15.0,20130303_小倉_結果_1,1
7,牡3,157.7,56,4 追,5.0,0.0,0.0,0.0,0.0,3.0,0.0,15.0,20130303_小倉_結果_1,1
14,牝3,42.9,54,2 先,19.0,0.0,20.0,38.0,0.0,4.0,60.0,35.0,20130303_小倉_結果_1,1
10,牡3,98.0,56,4 追,16.0,0.0,0.0,0.0,0.0,2.0,0.0,25.0,20130303_小倉_結果_1,1
15,牡3,66.8,56,2 先,11.0,0.0,68.0,53.0,0.0,7.0,0.0,10.0,20130303_小倉_結果_1,1
13,牡3,123.4,56,4 追,16.0,10.0,42.0,51.0,0.0,12.0,0.0,20.0,20130303_小倉_結果_1,1
10,牡4,4.0,57,3 差,28.0,80.0,74.0,104.0,20.0,15.0,54.0,20.0,20130303_小倉_結果_2,2
14,牡5,5.2,55,2 先,22.0,50.0,100.0,106.0,25.0,24.0,34.0,20.0,20130303_小倉_結果_2,2
3,牡4,3.0,57,1 逃,26.0,65.0,8.0,113.0,50.0,4.0,217.0,25.0,20130303_小倉_結果_2,2
4,牡5,22.8,54,2 先,7.0,30.0,0.0,71.0,18.0,11.0,0.0,0.0,20130303_小倉_結果_2,2
13,牡4,13.3,57,2 先,56.0,100.0,25.0,93.0,12.0,16.0,20.0,35.0,20130303_小倉_結果_2,2
11,牡4,10.1,57,2 先,29.0,50.0,58.0,99.0,10.0,10.0,64.0,30.0,20130303_小倉_結果_2,2
6,セ5,65.5,54,3 差,12.0,45.0,65.0,91.0,16.0,24.0,34.0,10.0,20130303_小倉_結果_2,2
1,牡4,57.9,57,4 追,7.0,0.0,0.0,117.0,50.0,10.0,17.0,15.0,20130303_小倉_結果_2,2
2,牝5,17.3,55,3 差,26.0,60.0,70.0,99.0,14.0,21.0,85.0,20.0,20130303_小倉_結果_2,2
5,牝4,22.5,55,3 差,22.0,40.0,28.0,85.0,18.0,11.0,20.0,25.0,20130303_小倉_結果_2,2
7,牝5,13.1,53,3 差,14.0,25.0,36.0,93.0,10.0,20.0,35.0,15.0,20130303_小倉_結果_2,2
9,牡5,35.3,57,3 差,21.0,30.0,32.0,88.0,5.0,17.0,0.0,25.0,20130303_小倉_結果_2,2
12,牡5,104.2,57,3 差,28.0,60.0,0.0,89.0,16.0,12.0,0.0,25.0,20130303_小倉_結果_2,2
8,牝6,55.5,55,4 追,16.0,0.0,0.0,43.0,25.0,4.0,175.0,20.0,20130303_小倉_結果_2,2
15,牡3,8.6,56,3 差,19.0,50.0,20.0,80.0,0.0,3.0,36.0,15.0,20130303_小倉_結果_3,3
13,牡3,3.3,56,2 先,48.0,75.0,85.0,96.0,33.0,3.0,118.0,25.0,20130303_小倉_結果_3,3
5,牡3,20.3,56,2 先,9.0,0.0,100.0,72.0,0.0,2.0,0.0,20.0,20130303_小倉_結果_3,3
1,牝3,9.8,54,1 逃,26.0,75.0,85.0,92.0,20.0,5.0,76.0,25.0,20130303_小倉_結果_3,3
2,牝3,7.5,52,2 先,18.0,0.0,0.0,70.0,25.0,4.0,81.0,20.0,20130303_小倉_結果_3,3
8,牝3,70.3,54,3 差,14.0,55.0,92.0,84.0,0.0,8.0,15.0,15.0,20130303_小倉_結果_3,3
4,牡3,112.4,56,3 差,19.0,0.0,40.0,54.0,0.0,7.0,0.0,25.0,20130303_小倉_結果_3,3
6,牡3,8.1,54,1 逃,18.0,65.0,67.0,97.0,0.0,7.0,10.0,15.0,20130303_小倉_結果_3,3
12,牝3,268.0,51,3 差,11.0,0.0,20.0,26.0,0.0,5.0,0.0,10.0,20130303_小倉_結果_3,3
18,牝3,7.5,54,3 差,22.0,55.0,71.0,88.0,14.0,7.0,60.0,20.0,20130303_小倉_結果_3,3
3,牝3,196.0,54,4 追,5.0,0.0,0.0,36.0,0.0,2.0,0.0,15.0,20130303_小倉_結果_3,3
9,牝3,12.4,54,2 先,18.0,0.0,76.0,81.0,0.0,2.0,35.0,30.0,20130303_小倉_結果_3,3
7,牝3,13.8,54,3 差,12.0,45.0,56.0,86.0,50.0,2.0,120.0,15.0,20130303_小倉_結果_3,3
11,牝3,12.8,51,2 先,16.0,70.0,8.0,81.0,0.0,3.0,0.0,10.0,20130303_小倉_結果_3,3
17,牝3,77.5,54,3 差,5.0,0.0,48.0,72.0,0.0,2.0,0.0,15.0,20130303_小倉_結果_3,3
14,牡3,246.7,56,3 差,18.0,0.0,0.0,0.0,0.0,2.0,0.0,15.0,20130303_小倉_結果_3,3
10,牝3,99.5,54,3 差,19.0,0.0,0.0,0.0,0.0,2.0,0.0,25.0,20130303_小倉_結果_3,3
16,牝3,174.6,54,4 追,5.0,0.0,0.0,49.0,0.0,1.0,0.0,15.0,20130303_小倉_結果_3,3
3,牝3,25.0,54,2 先,18.0,0.0,83.0,82.0,12.0,8.0,41.0,15.0,20130303_小倉_結果_4,4
6,牝3,7.5,54,3 差,30.0,0.0,70.0,98.0,0.0,3.0,85.0,30.0,20130303_小倉_結果_4,4
10,牝3,97.7,52,2 先,20.0,0.0,52.0,76.0,0.0,2.0,0.0,20.0,20130303_小倉_結果_4,4
8,牝3,14.1,54,2 先,9.0,0.0,8.0,70.0,0.0,1.0,60.0,25.0,20130303_小倉_結果_4,4
13,牝3,3.9,54,2 先,22.0,0.0,90.0,104.0,33.0,6.0,80.0,25.0,20130303_小倉_結果_4,4
9,牝3,27.1,54,2 先,14.0,0.0,96.0,88.0,0.0,2.0,55.0,20.0,20130303_小倉_結果_4,4
7,牝3,3.4,54,3 差,45.0,0.0,100.0,104.0,33.0,3.0,153.0,30.0,20130303_小倉_結果_4,4
12,牝3,10.1,52,2 先,5.0,0.0,84.0,85.0,0.0,2.0,55.0,15.0,20130303_小倉_結果_4,4
4,牝3,169.5,54,3 差,17.0,0.0,82.0,84.0,16.0,6.0,40.0,20.0,20130303_小倉_結果_4,4
5,牝3,4.1,54,2 先,32.0,0.0,80.0,98.0,33.0,3.0,66.0,30.0,20130303_小倉_結果_4,4
14,牝3,243.4,54,3 差,31.0,0.0,76.0,82.0,0.0,6.0,10.0,35.0,20130303_小倉_結果_4,4
2,牝3,56.1,54,4 追,18.0,0.0,44.0,76.0,0.0,1.0,0.0,25.0,20130303_小倉_結果_4,4
16,牝3,46.9,54,2 先,18.0,0.0,54.0,71.0,0.0,2.0,0.0,25.0,20130303_小倉_結果_4,4
11,牝3,346.6,54,4 追,10.0,0.0,42.0,75.0,0.0,2.0,0.0,15.0,20130303_小倉_結果_4,4
1,牝3,166.2,54,3 差,14.0,0.0,83.0,85.0,9.0,11.0,36.0,5.0,20130303_小倉_結果_4,4
18,牝3,152.7,51,3 差,9.0,0.0,60.0,75.0,0.0,4.0,0.0,0.0,20130303_小倉_結果_4,4
17,牝3,355.6,54,3 差,17.0,0.0,64.0,76.0,0.0,4.0,12.0,15.0,20130303_小倉_結果_4,4
15,牝3,316.3,54,4 追,11.0,0.0,40.0,53.0,0.0,2.0,0.0,10.0,20130303_小倉_結果_4,4
1,牡3,4.9,56,3 差,32.0,75.0,73.0,105.0,0.0,5.0,41.0,30.0,20130303_小倉_結果_5,5
4,牡3,3.1,56,2 先,5.0,0.0,100.0,95.0,0.0,1.0,150.0,15.0,20130303_小倉_結果_5,5
7,牡3,14.3,53,2 先,23.0,90.0,78.0,95.0,0.0,7.0,78.0,10.0,20130303_小倉_結果_5,5
9,牡3,6.3,56,3 差,33.0,75.0,60.0,109.0,0.0,5.0,73.0,35.0,20130303_小倉_結果_5,5
14,牡3,7.6,54,3 差,23.0,80.0,56.0,97.0,33.0,6.0,85.0,20.0,20130303_小倉_結果_5,5
8,牡3,41.6,56,3 差,26.0,60.0,55.0,84.0,0.0,2.0,60.0,25.0,20130303_小倉_結果_5,5
6,牝3,9.2,54,2 先,32.0,80.0,29.0,93.0,0.0,2.0,65.0,30.0,20130303_小倉_結果_5,5
16,牡3,18.5,56,3 差,26.0,60.0,62.0,89.0,0.0,5.0,62.0,25.0,20130303_小倉_結果_5,5
12,牡3,25.5,56,4 追,19.0,10.0,10.0,77.0,0.0,3.0,36.0,20.0,20130303_小倉_結果_5,5
3,牡3,122.7,53,4 追,7.0,0.0,0.0,0.0,0.0,2.0,30.0,0.0,20130303_小倉_結果_5,5
15,牡3,39.6,56,3 差,18.0,0.0,0.0,78.0,0.0,2.0,0.0,30.0,20130303_小倉_結果_5,5
5,牡3,41.7,56,2 先,9.0,0.0,9.0,66.0,0.0,1.0,0.0,20.0,20130303_小倉_結果_5,5
2,牝3,32.7,54,3 差,12.0,0.0,13.0,61.0,0.0,1.0,0.0,25.0,20130303_小倉_結果_5,5
11,牡3,82.3,54,2 先,18.0,90.0,30.0,92.0,0.0,6.0,15.0,15.0,20130303_小倉_結果_5,5
13,牝3,23.3,54,1 逃,48.0,100.0,55.0,83.0,33.0,9.0,81.0,5.0,20130303_小倉_結果_5,5
10,牡3,165.9,56,4 追,9.0,0.0,5.0,74.0,0.0,1.0,0.0,20.0,20130303_小倉_結果_5,5
3,牝5,5.8,55,3 差,36.0,100.0,75.0,108.0,14.0,14.0,65.0,30.0,20130303_小倉_結果_6,6
6,牝6,16.9,52,3 差,11.0,25.0,100.0,102.0,28.0,28.0,42.0,10.0,20130303_小倉_結果_6,6
2,牝6,16.1,55,3 差,29.0,70.0,59.0,115.0,20.0,10.0,72.0,30.0,20130303_小倉_結果_6,6
13,牝4,62.7,55,4 追,10.0,35.0,59.0,98.0,20.0,10.0,58.0,15.0,20130303_小倉_結果_6,6
10,牝4,4.9,55,2 先,22.0,25.0,27.0,110.0,11.0,9.0,134.0,30.0,20130303_小倉_結果_6,6
17,牝4,9.2,55,3 差,24.0,55.0,34.0,105.0,0.0,6.0,47.0,25.0,20130303_小倉_結果_6,6
16,牝4,25.3,53,2 先,14.0,25.0,0.0,72.0,30.0,13.0,13.0,20.0,20130303_小倉_結果_6,6
7,牝4,15.9,55,1 逃,12.0,45.0,37.0,108.0,33.0,9.0,92.0,15.0,20130303_小倉_結果_6,6
11,牝4,48.2,55,4 追,33.0,75.0,26.0,108.0,11.0,17.0,32.0,35.0,20130303_小倉_結果_6,6
14,牝5,22.7,55,2 先,22.0,50.0,31.0,102.0,11.0,17.0,0.0,25.0,20130303_小倉_結果_6,6
4,牝5,33.8,52,2 先,7.0,35.0,58.0,109.0,20.0,25.0,19.0,0.0,20130303_小倉_結果_6,6
18,牝5,52.5,55,4 追,12.0,30.0,19.0,114.0,31.0,19.0,25.0,15.0,20130303_小倉_結果_6,6
5,牝5,3.2,55,2 先,20.0,65.0,46.0,107.0,14.0,14.0,80.0,20.0,20130303_小倉_結果_6,6
8,牝4,26.8,55,2 先,12.0,30.0,5.0,78.0,20.0,15.0,38.0,15.0,20130303_小倉_結果_6,6
12,牝4,131.2,55,3 差,7.0,15.0,6.0,83.0,12.0,8.0,0.0,0.0,20130303_小倉_結果_6,6
15,牝4,38.6,53,3 差,14.0,55.0,51.0,118.0,10.0,10.0,22.0,15.0,20130303_小倉_結果_6,6
1,牝4,177.2,55,1 逃,5.0,0.0,0.0,0.0,37.0,8.0,3.0,15.0,20130303_小倉_結果_6,6
9,牝4,36.2,55,4 追,7.0,0.0,19.0,0.0,21.0,14.0,116.0,20.0,20130303_小倉_結果_6,6
10,牡4,16.0,57,3 差,37.0,90.0,91.0,106.0,8.0,12.0,126.0,30.0,20130303_小倉_結果_7,7
13,牡4,3.0,57,2 先,36.0,100.0,79.0,106.0,66.0,6.0,252.0,25.0,20130303_小倉_結果_7,7
8,牡5,168.4,57,4 追,18.0,35.0,91.0,78.0,13.0,23.0,13.0,20.0,20130303_小倉_結果_7,7
6,牡5,7.0,57,2 先,26.0,60.0,98.0,106.0,27.0,11.0,251.0,20.0,20130303_小倉_結果_7,7
16,牡5,25.9,57,2 先,21.0,80.0,60.0,90.0,5.0,17.0,13.0,15.0,20130303_小倉_結果_7,7
3,牡4,74.3,57,3 差,16.0,50.0,35.0,108.0,11.0,17.0,52.0,15.0,20130303_小倉_結果_7,7
11,牡4,7.5,57,3 差,29.0,95.0,93.0,109.0,27.0,11.0,170.0,20.0,20130303_小倉_結果_7,7
9,牡4,5.1,57,2 先,32.0,70.0,95.0,102.0,25.0,8.0,160.0,30.0,20130303_小倉_結果_7,7
7,牡5,74.5,57,2 先,21.0,80.0,18.0,89.0,18.0,16.0,0.0,15.0,20130303_小倉_結果_7,7
12,牡4,7.2,55,3 差,25.0,70.0,85.0,99.0,18.0,11.0,58.0,20.0,20130303_小倉_結果_7,7
2,牡5,12.9,57,3 差,32.0,85.0,100.0,101.0,9.0,22.0,70.0,25.0,20130303_小倉_結果_7,7
4,牡4,62.4,57,3 差,22.0,60.0,49.0,90.0,16.0,6.0,116.0,15.0,20130303_小倉_結果_7,7
1,牡4,21.2,55,2 先,17.0,55.0,63.0,97.0,9.0,11.0,13.0,15.0,20130303_小倉_結果_7,7
5,牡4,55.6,54,4 追,7.0,0.0,79.0,121.0,60.0,10.0,8.0,0.0,20130303_小倉_結果_7,7
14,牡4,403.4,57,3 差,7.0,55.0,30.0,78.0,5.0,19.0,14.0,0.0,20130303_小倉_結果_7,7
15,牡4,47.1,57,2 先,29.0,95.0,83.0,97.0,11.0,9.0,0.0,20.0,20130303_小倉_結果_7,7
7,牡6,4.2,55,2 先,14.0,35.0,78.0,111.0,9.0,32.0,53.0,20.0,20130303_小倉_結果_8,8
12,牡6,19.6,57,1 逃,11.0,20.0,50.0,102.0,20.0,25.0,32.0,10.0,20130303_小倉_結果_8,8
16,牝4,7.7,55,3 差,19.0,45.0,99.0,107.0,18.0,11.0,54.0,25.0,20130303_小倉_結果_8,8
13,牡4,4.5,57,2 先,36.0,100.0,94.0,118.0,37.0,8.0,149.0,30.0,20130303_小倉_結果_8,8
11,牡4,23.2,57,2 先,5.0,0.0,42.0,99.0,14.0,7.0,100.0,15.0,20130303_小倉_結果_8,8
2,牡4,36.3,57,1 逃,5.0,0.0,38.0,94.0,20.0,5.0,7.0,15.0,20130303_小倉_結果_8,8
18,牝6,23.5,55,3 差,44.0,85.0,94.0,105.0,4.0,23.0,0.0,20.0,20130303_小倉_結果_8,8
5,牡7,81.9,57,4 追,19.0,15.0,34.0,102.0,34.0,23.0,0.0,30.0,20130303_小倉_結果_8,8
6,牡4,5.0,57,2 先,12.0,10.0,62.0,109.0,18.0,11.0,34.0,20.0,20130303_小倉_結果_8,8
3,牝4,132.0,55,2 先,9.0,25.0,54.0,89.0,14.0,7.0,0.0,15.0,20130303_小倉_結果_8,8
4,牡6,31.7,57,1 逃,16.0,15.0,63.0,0.0,12.0,32.0,0.0,25.0,20130303_小倉_結果_8,8
10,牝4,101.8,55,4 追,7.0,5.0,54.0,92.0,7.0,14.0,125.0,15.0,20130303_小倉_結果_8,8
9,牝4,14.5,55,3 差,12.0,30.0,100.0,110.0,9.0,22.0,26.0,15.0,20130303_小倉_結果_8,8
15,牝5,231.0,52,3 差,11.0,0.0,42.0,81.0,18.0,11.0,4.0,10.0,20130303_小倉_結果_8,8
17,セ4,10.0,55,3 差,14.0,45.0,66.0,98.0,16.0,6.0,0.0,15.0,20130303_小倉_結果_8,8
1,牝6,182.8,55,3 差,7.0,5.0,52.0,85.0,25.0,24.0,0.0,0.0,20130303_小倉_結果_8,8
8,牝5,152.0,55,4 追,23.0,0.0,20.0,0.0,20.0,15.0,0.0,35.0,20130303_小倉_結果_8,8
14,セ5,18.2,57,2 先,22.0,60.0,55.0,0.0,26.0,15.0,56.0,20.0,20130303_小倉_結果_8,8
4,牡4,3.0,57,2 先,22.0,55.0,46.0,117.0,22.0,9.0,154.0,25.0,20130303_小倉_結果_9,9
2,牡6,57.9,57,1 逃,26.0,55.0,51.0,102.0,23.0,13.0,19.0,30.0,20130303_小倉_結果_9,9
3,牡4,16.8,57,2 先,18.0,0.0,54.0,109.0,10.0,10.0,49.0,25.0,20130303_小倉_結果_9,9
17,牡6,17.3,57,2 先,11.0,0.0,74.0,111.0,13.0,23.0,74.0,10.0,20130303_小倉_結果_9,9
16,牡5,5.0,57,2 先,16.0,0.0,69.0,112.0,32.0,25.0,180.0,30.0,20130303_小倉_結果_9,9
14,牡5,48.9,57,2 先,11.0,10.0,58.0,99.0,14.0,7.0,39.0,25.0,20130303_小倉_結果_9,9
7,牡4,15.1,55,4 追,19.0,25.0,52.0,99.0,28.0,7.0,140.0,20.0,20130303_小倉_結果_9,9
8,牡4,27.2,55,3 差,12.0,45.0,71.0,103.0,27.0,11.0,8.0,15.0,20130303_小倉_結果_9,9
1,牡5,147.9,57,2 先,5.0,0.0,79.0,96.0,23.0,30.0,14.0,15.0,20130303_小倉_結果_9,9
5,牝4,35.4,55,4 追,9.0,25.0,51.0,108.0,11.0,9.0,13.0,15.0,20130303_小倉_結果_9,9
6,牡5,6.2,57,3 差,22.0,40.0,71.0,111.0,27.0,22.0,106.0,30.0,20130303_小倉_結果_9,9
15,牡4,54.4,57,2 先,10.0,20.0,50.0,102.0,18.0,11.0,0.0,15.0,20130303_小倉_結果_9,9
12,牡4,20.4,57,3 差,7.0,0.0,47.0,111.0,14.0,14.0,42.0,20.0,20130303_小倉_結果_9,9
13,牡4,35.0,57,2 先,34.0,95.0,38.0,114.0,9.0,11.0,189.0,35.0,20130303_小倉_結果_9,9
11,牡4,296.1,57,3 差,5.0,0.0,20.0,86.0,25.0,8.0,3.0,15.0,20130303_小倉_結果_9,9
9,牡4,13.1,57,2 先,27.0,100.0,31.0,93.0,12.0,8.0,136.0,20.0,20130303_小倉_結果_9,9
10,牡4,128.6,57,3 差,5.0,0.0,0.0,0.0,15.0,19.0,1.0,15.0,20130303_小倉_結果_9,9
18,牡5,11.2,57,3 差,17.0,60.0,100.0,118.0,19.0,21.0,156.0,15.0,20130303_小倉_結果_9,9
7,牡3,4.0,56,2 先,19.0,75.0,85.0,97.0,40.0,5.0,224.0,15.0,20130303_小倉_結果_10,10
6,牝3,11.5,54,1 逃,20.0,45.0,32.0,77.0,33.0,9.0,66.0,0.0,20130303_小倉_結果_10,10
15,牡3,16.4,56,2 先,22.0,60.0,91.0,109.0,40.0,5.0,207.0,20.0,20130303_小倉_結果_10,10
3,牡3,16.0,56,3 差,22.0,60.0,89.0,109.0,11.0,9.0,110.0,20.0,20130303_小倉_結果_10,10
1,牝3,13.6,54,3 差,18.0,65.0,100.0,100.0,25.0,4.0,191.0,15.0,20130303_小倉_結果_10,10
2,牡3,18.0,56,2 先,20.0,65.0,55.0,95.0,12.0,8.0,26.0,20.0,20130303_小倉_結果_10,10
10,牡3,31.2,56,3 差,30.0,80.0,85.0,84.0,36.0,11.0,181.0,30.0,20130303_小倉_結果_10,10
16,牝3,5.7,54,2 先,48.0,85.0,79.0,114.0,16.0,6.0,71.0,30.0,20130303_小倉_結果_10,10
14,牡3,232.1,56,4 追,18.0,0.0,30.0,81.0,7.0,14.0,0.0,25.0,20130303_小倉_結果_10,10
18,牡3,30.7,56,3 差,24.0,55.0,89.0,114.0,50.0,2.0,305.0,25.0,20130303_小倉_結果_10,10
8,牝3,5.6,54,3 差,10.0,15.0,69.0,82.0,100.0,3.0,326.0,15.0,20130303_小倉_結果_10,10
13,セ3,14.7,56,3 差,18.0,65.0,86.0,101.0,33.0,6.0,140.0,15.0,20130303_小倉_結果_10,10
4,牝3,14.6,54,2 先,22.0,80.0,89.0,105.0,20.0,5.0,291.0,15.0,20130303_小倉_結果_10,10
5,牝3,62.2,54,2 先,26.0,100.0,63.0,104.0,37.0,8.0,100.0,15.0,20130303_小倉_結果_10,10
17,牡3,447.7,56,3 差,8.0,20.0,66.0,87.0,15.0,13.0,0.0,5.0,20130303_小倉_結果_10,10
12,牝3,102.8,54,3 差,11.0,65.0,72.0,99.0,22.0,9.0,100.0,10.0,20130303_小倉_結果_10,10
11,牝3,125.5,54,2 先,18.0,0.0,49.0,81.0,25.0,4.0,125.0,25.0,20130303_小倉_結果_10,10
9,牝3,13.3,54,2 先,25.0,15.0,40.0,87.0,100.0,1.0,600.0,35.0,20130303_小倉_結果_10,10
16,牝4,10.2,52,3 差,32.0,70.0,66.0,101.0,40.0,5.0,295.0,35.0,20130303_小倉_結果_11,11
14,牡4,8.6,55,2 先,9.0,0.0,0.0,0.0,30.0,10.0,252.0,20.0,20130303_小倉_結果_11,11
13,牝4,5.6,53,2 先,30.0,85.0,45.0,114.0,33.0,9.0,301.0,25.0,20130303_小倉_結果_11,11
6,牡6,2.0,57,3 差,43.0,85.0,74.0,110.0,45.0,11.0,398.0,30.0,20130303_小倉_結果_11,11
5,牡5,30.1,55,3 差,13.0,50.0,100.0,87.0,14.0,14.0,19.0,10.0,20130303_小倉_結果_11,11
8,牡4,64.5,54,2 先,18.0,40.0,14.0,96.0,30.0,13.0,236.0,20.0,20130303_小倉_結果_11,11
15,牡5,12.3,54,4 追,32.0,75.0,58.0,111.0,9.0,22.0,195.0,30.0,20130303_小倉_結果_11,11
7,牡5,18.8,54,4 追,10.0,35.0,47.0,102.0,15.0,26.0,253.0,15.0,20130303_小倉_結果_11,11
1,牡6,46.3,54,3 差,46.0,100.0,58.0,101.0,33.0,21.0,0.0,30.0,20130303_小倉_結果_11,11
10,牡6,35.5,53,3 差,22.0,50.0,5.0,100.0,17.0,17.0,113.0,25.0,20130303_小倉_結果_11,11
4,牡6,76.9,54,3 差,11.0,15.0,0.0,93.0,25.0,24.0,188.0,10.0,20130303_小倉_結果_11,11
12,牡6,75.0,50,2 先,22.0,80.0,7.0,0.0,18.0,22.0,0.0,15.0,20130303_小倉_結果_11,11
2,牝6,20.8,51,1 逃,14.0,40.0,18.0,105.0,29.0,37.0,222.0,15.0,20130303_小倉_結果_11,11
9,牡5,76.8,53,2 先,5.0,0.0,29.0,106.0,20.0,20.0,134.0,15.0,20130303_小倉_結果_11,11
11,牝4,25.5,52,2 先,12.0,45.0,51.0,103.0,37.0,8.0,282.0,15.0,20130303_小倉_結果_11,11
3,牡7,317.7,51,4 追,11.0,5.0,57.0,97.0,13.0,37.0,0.0,10.0,20130303_小倉_結果_11,11
3,セ4,3.2,56,1 逃,56.0,100.0,72.0,120.0,50.0,6.0,253.0,30.0,20130303_小倉_結果_12,12
4,牡4,13.1,56,2 先,25.0,75.0,55.0,110.0,5.0,19.0,70.0,15.0,20130303_小倉_結果_12,12
11,牡4,16.5,56,3 差,22.0,0.0,78.0,105.0,6.0,16.0,34.0,30.0,20130303_小倉_結果_12,12
6,牡5,9.4,57,3 差,46.0,70.0,100.0,115.0,23.0,17.0,49.0,30.0,20130303_小倉_結果_12,12
2,牡5,2.0,57,2 先,29.0,60.0,86.0,106.0,50.0,12.0,333.0,25.0,20130303_小倉_結果_12,12
9,牡5,9.3,57,2 先,9.0,0.0,70.0,105.0,30.0,13.0,90.0,15.0,20130303_小倉_結果_12,12
8,牡4,18.5,56,2 先,9.0,0.0,72.0,115.0,14.0,14.0,134.0,15.0,20130303_小倉_結果_12,12
1,牡5,105.5,57,3 差,19.0,0.0,44.0,94.0,14.0,21.0,134.0,25.0,20130303_小倉_結果_12,12
10,牡6,110.2,57,4 追,16.0,0.0,27.0,91.0,17.0,28.0,26.0,20.0,20130303_小倉_結果_12,12
7,牡5,273.5,57,4 追,18.0,20.0,59.0,91.0,13.0,15.0,0.0,20.0,20130303_小倉_結果_12,12
5,牡5,195.7,57,4 追,16.0,0.0,48.0,0.0,17.0,23.0,394.0,20.0,20130303_小倉_結果_12,12
4,牡8,20.0,57,2 先,7.0,0.0,0.0,,15.0,39.0,0.0,15.0,20240901_中京_結果_1,1
3,牝4,47.3,58,2 先,30.0,0.0,100.0,,21.0,14.0,0.0,40.0,20240901_中京_結果_1,1
5,セ5,8.0,60,2 先,21.0,0.0,12.0,,20.0,20.0,0.0,30.0,20240901_中京_結果_1,1
7,牡5,3.1,60,2 先,12.0,0.0,30.0,,4.0,24.0,31.0,20.0,20240901_中京_結果_1,1
6,牡7,2.7,60,2 先,85.0,100.0,66.0,,12.0,24.0,92.0,55.0,20240901_中京_結果_1,1
2,牡6,5.4,60,2 先,18.0,0.0,42.0,,36.0,30.0,0.0,25.0,20240901_中京_結果_1,1
8,牡5,24.8,60,2 先,18.0,0.0,0.0,,23.0,21.0,0.0,25.0,20240901_中京_結果_1,1
1,牡4,9.1,60,4 追,16.0,10.0,15.0,,14.0,14.0,0.0,20.0,20240901_中京_結果_1,1
13,牡3,7.7,57,3 差,29.0,70.0,100.0,100.0,7.0,13.0,116.0,30.0,20240901_中京_結果_2,2
12,牡3,13.9,57,3 差,19.0,100.0,27.0,104.0,28.0,7.0,116.0,10.0,20240901_中京_結果_2,2
9,牝3,6.7,55,2 先,20.0,65.0,19.0,98.0,20.0,5.0,117.0,20.0,20240901_中京_結果_2,2
16,牡3,8.6,53,2 先,11.0,5.0,13.0,91.0,25.0,4.0,103.0,10.0,20240901_中京_結果_2,2
6,牡3,4.4,54,1 逃,21.0,70.0,45.0,107.0,30.0,10.0,160.0,20.0,20240901_中京_結果_2,2
2,牡3,4.6,57,2 先,36.0,90.0,47.0,105.0,25.0,8.0,138.0,40.0,20240901_中京_結果_2,2
7,牝3,114.3,55,3 差,11.0,25.0,0.0,87.0,0.0,6.0,44.0,10.0,20240901_中京_結果_2,2
10,牝3,27.8,54,3 差,17.0,45.0,10.0,97.0,0.0,6.0,22.0,20.0,20240901_中京_結果_2,2
8,牡3,133.0,57,3 差,18.0,65.0,10.0,73.0,0.0,8.0,16.0,15.0,20240901_中京_結果_2,2
1,牡3,12.3,57,2 先,50.0,95.0,46.0,88.0,0.0,11.0,83.0,50.0,20240901_中京_結果_2,2
3,牡3,8.0,57,2 先,32.0,80.0,37.0,101.0,54.0,11.0,149.0,35.0,20240901_中京_結果_2,2
15,牡3,159.1,57,3 差,11.0,0.0,0.0,63.0,0.0,6.0,38.0,10.0,20240901_中京_結果_2,2
4,牝3,15.5,55,1 逃,33.0,100.0,25.0,87.0,0.0,2.0,74.0,25.0,20240901_中京_結果_2,2
5,牡3,214.7,57,4 追,5.0,0.0,0.0,67.0,0.0,4.0,0.0,15.0,20240901_中京_結果_2,2
11,牝3,110.5,53,3 差,16.0,0.0,0.0,84.0,0.0,7.0,11.0,20.0,20240901_中京_結果_2,2
14,牡3,252.7,56,4 追,18.0,15.0,23.0,75.0,0.0,2.0,0.0,25.0,20240901_中京_結果_2,2
4,牡2,3.8,55,1 逃,63.0,0.0,0.0,84.0,0.0,1.0,110.0,50.0,20240901_中京_結果_3,3
5,牡2,4.3,55,2 先,33.0,0.0,60.0,91.0,0.0,1.0,0.0,35.0,20240901_中京_結果_3,3
2,牡2,12.6,55,3 差,30.0,0.0,72.0,79.0,0.0,1.0,110.0,30.0,20240901_中京_結果_3,3
8,牡2,3.1,55,2 先,43.0,0.0,72.0,95.0,100.0,1.0,235.0,10.0,20240901_中京_結果_3,3
7,牝2,9.2,53,4 追,28.0,0.0,0.0,59.0,33.0,3.0,101.0,20.0,20240901_中京_結果_3,3
6,牡2,26.9,55,4 追,19.0,0.0,69.0,88.0,0.0,1.0,0.0,20.0,20240901_中京_結果_3,3
3,牝2,29.1,51,4 追,14.0,0.0,100.0,89.0,0.0,1.0,0.0,10.0,20240901_中京_結果_3,3
1,牝2,5.3,52,2 先,19.0,0.0,0.0,78.0,50.0,2.0,110.0,20.0,20240901_中京_結果_3,3
14,牝3,3.5,55,1 逃,42.0,95.0,6.0,101.0,28.0,7.0,144.0,40.0,20240901_中京_結果_4,4
9,牡3,7.7,54,3 差,18.0,75.0,85.0,96.0,25.0,8.0,112.0,10.0,20240901_中京_結果_4,4
12,牡3,4.4,57,3 差,48.0,100.0,70.0,94.0,8.0,12.0,77.0,30.0,20240901_中京_結果_4,4
7,牝3,15.3,55,2 先,25.0,95.0,0.0,51.0,0.0,4.0,20.0,20.0,20240901_中京_結果_4,4
13,牡3,45.5,57,2 先,21.0,80.0,58.0,87.0,0.0,2.0,27.0,20.0,20240901_中京_結果_4,4
4,牝3,14.7,55,3 差,11.0,65.0,82.0,96.0,0.0,5.0,16.0,10.0,20240901_中京_結果_4,4
11,牡3,14.0,53,3 差,23.0,95.0,5.0,84.0,20.0,5.0,48.0,10.0,20240901_中京_結果_4,4
5,牝3,28.0,52,3 差,24.0,85.0,10.0,85.0,0.0,5.0,16.0,20.0,20240901_中京_結果_4,4
8,牡3,33.6,57,3 差,19.0,25.0,0.0,89.0,0.0,1.0,0.0,25.0,20240901_中京_結果_4,4
10,牝3,213.8,55,3 差,10.0,10.0,0.0,78.0,0.0,6.0,0.0,15.0,20240901_中京_結果_4,4
16,牝3,28.1,55,2 先,19.0,95.0,54.0,102.0,0.0,2.0,27.0,15.0,20240901_中京_結果_4,4
2,牡3,218.4,57,4 追,7.0,0.0,0.0,50.0,0.0,3.0,0.0,20.0,20240901_中京_結果_4,4
3,牡3,4.4,57,4 追,36.0,85.0,100.0,98.0,16.0,6.0,72.0,35.0,20240901_中京_結果_4,4
6,牝3,22.9,55,4 追,25.0,15.0,0.0,90.0,0.0,5.0,47.0,35.0,20240901_中京_結果_4,4
1,牝3,127.9,54,2 先,12.0,10.0,62.0,67.0,0.0,1.0,0.0,20.0,20240901_中京_結果_4,4
15,牝3,240.6,53,2 先,18.0,0.0,0.0,47.0,0.0,2.0,0.0,20.0,20240901_中京_結果_4,4
3,牡2,2.2,55,1 逃,72.0,,,,,,,,20240901_中京_結果_5,5
5,牡2,6.6,55,2 先,35.0,,,,,,,,20240901_中京_結果_5,5
11,牝2,5.8,55,3 差,44.0,,,,,,,,20240901_中京_結果_5,5
10,牝2,4.8,55,2 先,45.0,,,,,,,,20240901_中京_結果_5,5
2,牡2,50.6,52,3 差,39.0,,,,,,,,20240901_中京_結果_5,5
9,牡2,22.3,55,3 差,36.0,,,,,,,,20240901_中京_結果_5,5
6,牡2,11.7,55,4 追,33.0,,,,,,,,20240901_中京_結果_5,5
7,牡2,13.4,55,3 差,56.0,,,,,,,,20240901_中京_結果_5,5
8,牡2,78.6,54,4 追,27.0,,,,,,,,20240901_中京_結果_5,5
1,牝2,71.4,55,2 先,21.0,,,,,,,,20240901_中京_結果_5,5
4,牝2,52.2,53,2 先,22.0,,,,,,,,20240901_中京_結果_5,5
8,セ3,10.8,57,3 差,15.0,15.0,47.0,109.0,0.0,7.0,39.0,25.0,20240901_中京_結果_6,6
14,牡3,3.9,57,3 差,39.0,50.0,77.0,118.0,25.0,4.0,90.0,50.0,20240901_中京_結果_6,6
6,セ3,10.1,57,2 先,19.0,0.0,0.0,74.0,0.0,3.0,18.0,35.0,20240901_中京_結果_6,6
4,牡3,155.7,57,3 差,11.0,0.0,30.0,0.0,0.0,9.0,16.0,10.0,20240901_中京_結果_6,6
3,牝3,7.0,55,3 差,26.0,60.0,95.0,116.0,0.0,5.0,72.0,30.0,20240901_中京_結果_6,6
17,牡3,4.8,57,3 差,31.0,100.0,47.0,126.0,22.0,9.0,116.0,25.0,20240901_中京_結果_6,6
18,牝3,47.9,55,4 追,14.0,50.0,47.0,114.0,0.0,2.0,41.0,10.0,20240901_中京_結果_6,6
10,牡3,57.5,57,3 差,20.0,90.0,38.0,113.0,0.0,8.0,50.0,10.0,20240901_中京_結果_6,6
16,セ3,41.6,57,2 先,11.0,15.0,47.0,109.0,14.0,7.0,44.0,10.0,20240901_中京_結果_6,6
7,牝3,33.5,54,2 先,18.0,30.0,49.0,112.0,0.0,7.0,72.0,25.0,20240901_中京_結果_6,6
9,牡3,15.8,57,2 先,20.0,5.0,7.0,94.0,25.0,8.0,115.0,40.0,20240901_中京_結果_6,6
5,牝3,159.7,51,3 差,11.0,0.0,100.0,94.0,0.0,1.0,0.0,10.0,20240901_中京_結果_6,6
2,牝3,8.7,55,3 差,26.0,95.0,45.0,120.0,14.0,7.0,71.0,15.0,20240901_中京_結果_6,6
11,牝3,114.6,52,4 追,7.0,0.0,0.0,0.0,0.0,0.0,0.0,20.0,20240901_中京_結果_6,6
13,セ3,182.5,56,2 先,7.0,0.0,45.0,99.0,0.0,3.0,18.0,20.0,20240901_中京_結果_6,6
15,牝3,20.5,55,4 追,18.0,45.0,71.0,109.0,0.0,7.0,112.0,10.0,20240901_中京_結果_6,6
1,牡3,32.5,57,3 差,16.0,0.0,93.0,106.0,10.0,10.0,88.0,35.0,20240901_中京_結果_6,6
12,セ3,11.9,55,2 先,18.0,0.0,53.0,90.0,0.0,4.0,27.0,20.0,20240901_中京_結果_6,6
4,牡4,64.1,55,2 先,18.0,0.0,23.0,85.0,28.0,7.0,70.0,20.0,20240901_中京_結果_7,7
5,牡3,2.8,54,2 先,26.0,45.0,71.0,115.0,36.0,11.0,174.0,20.0,20240901_中京_結果_7,7
11,牡3,32.2,55,3 差,12.0,0.0,59.0,89.0,0.0,9.0,33.0,15.0,20240901_中京_結果_7,7
1,牡4,13.0,58,2 先,24.0,15.0,78.0,98.0,16.0,12.0,32.0,25.0,20240901_中京_結果_7,7
10,牡4,5.8,58,3 差,46.0,100.0,54.0,107.0,31.0,16.0,86.0,20.0,20240901_中京_結果_7,7
6,牡3,14.5,55,2 先,32.0,0.0,0.0,76.0,50.0,2.0,125.0,35.0,20240901_中京_結果_7,7
2,セ7,42.6,58,2 先,14.0,5.0,51.0,87.0,13.0,38.0,40.0,10.0,20240901_中京_結果_7,7
8,牡4,11.0,58,3 差,14.0,45.0,100.0,86.0,16.0,12.0,64.0,10.0,20240901_中京_結果_7,7
7,牡3,2.9,55,1 逃,18.0,0.0,0.0,0.0,25.0,4.0,165.0,20.0,20240901_中京_結果_7,7
9,牡3,12.7,55,4 追,18.0,0.0,0.0,73.0,33.0,6.0,125.0,15.0,20240901_中京_結果_7,7
3,牡3,83.1,55,4 追,18.0,0.0,19.0,89.0,33.0,3.0,50.0,20.0,20240901_中京_結果_7,7
6,牡3,2.7,55,2 先,29.0,50.0,100.0,117.0,33.0,3.0,183.0,40.0,20240901_中京_結果_8,8
16,牝3,13.0,53,2 先,18.0,0.0,0.0,0.0,33.0,3.0,248.0,30.0,20240901_中京_結果_8,8
1,牝4,11.3,56,3 差,36.0,100.0,78.0,100.0,33.0,18.0,200.0,35.0,20240901_中京_結果_8,8
4,牝4,15.7,56,3 差,23.0,70.0,91.0,112.0,25.0,8.0,112.0,25.0,20240901_中京_結果_8,8
11,牡3,3.0,55,3 差,43.0,90.0,99.0,121.0,57.0,7.0,251.0,50.0,20240901_中京_結果_8,8
14,牝3,70.4,53,3 差,7.0,0.0,47.0,92.0,33.0,6.0,142.0,20.0,20240901_中京_結果_8,8
7,牝3,11.2,53,2 先,14.0,70.0,51.0,104.0,28.0,7.0,80.0,10.0,20240901_中京_結果_8,8
15,牝3,188.0,53,4 追,4.0,0.0,54.0,96.0,18.0,11.0,56.0,15.0,20240901_中京_結果_8,8
10,牡4,239.3,57,3 差,11.0,25.0,27.0,103.0,7.0,14.0,0.0,10.0,20240901_中京_結果_8,8
9,牡4,21.2,58,2 先,22.0,50.0,62.0,112.0,35.0,17.0,128.0,35.0,20240901_中京_結果_8,8
13,牡5,238.5,57,4 追,7.0,0.0,33.0,92.0,7.0,13.0,16.0,20.0,20240901_中京_結果_8,8
3,牡3,20.5,51,1 逃,11.0,30.0,56.0,111.0,16.0,6.0,91.0,10.0,20240901_中京_結果_8,8
12,牡4,48.6,58,2 先,11.0,25.0,60.0,104.0,9.0,11.0,64.0,15.0,20240901_中京_結果_8,8
2,牡6,51.7,58,3 差,11.0,20.0,40.0,0.0,26.0,15.0,16.0,10.0,20240901_中京_結果_8,8
5,牡4,53.1,56,2 先,11.0,20.0,42.0,91.0,6.0,16.0,40.0,20.0,20240901_中京_結果_8,8
8,牝3,238.4,53,3 差,11.0,45.0,49.0,103.0,0.0,5.0,16.0,10.0,20240901_中京_結果_8,8
18,牝5,63.4,53,3 差,17.0,45.0,0.0,101.0,5.0,19.0,72.0,20.0,20240901_中京_結果_8,8
17,牝3,29.9,52,3 差,12.0,45.0,45.0,109.0,22.0,9.0,197.0,15.0,20240901_中京_結果_8,8
1,牡3,4.2,55,3 差,38.0,35.0,95.0,124.0,100.0,2.0,675.0,40.0,20240901_中京_結果_9,9
7,牡3,2.2,55,2 先,50.0,60.0,92.0,116.0,66.0,3.0,673.0,50.0,20240901_中京_結果_9,9
5,牡3,3.3,55,3 差,34.0,60.0,99.0,112.0,50.0,4.0,631.0,35.0,20240901_中京_結果_9,9
2,牝5,12.3,56,1 逃,36.0,100.0,30.0,123.0,20.0,10.0,284.0,20.0,20240901_中京_結果_9,9
6,牡3,21.9,55,2 先,19.0,25.0,65.0,113.0,60.0,5.0,412.0,35.0,20240901_中京_結果_9,9
4,牝3,11.3,53,4 追,19.0,50.0,100.0,119.0,25.0,8.0,242.0,15.0,20240901_中京_結果_9,9
8,牡5,163.4,58,4 追,25.0,25.0,14.0,75.0,9.0,21.0,0.0,30.0,20240901_中京_結果_9,9
3,牡4,26.0,58,3 差,25.0,25.0,56.0,86.0,29.0,17.0,78.0,25.0,20240901_中京_結果_9,9
13,牡4,23.3,58,1 逃,29.0,60.0,34.0,107.0,29.0,17.0,378.0,35.0,20240901_中京_結果_10,10
9,牡3,1.8,55,2 先,50.0,70.0,37.0,106.0,42.0,7.0,580.0,15.0,20240901_中京_結果_10,10
10,牡4,4.3,58,4 追,27.0,35.0,94.0,115.0,40.0,10.0,504.0,30.0,20240901_中京_結果_10,10
5,牡5,23.0,58,3 差,12.0,30.0,63.0,87.0,18.0,22.0,93.0,15.0,20240901_中京_結果_10,10
15,牡5,137.0,58,3 差,11.0,35.0,98.0,114.0,24.0,33.0,317.0,10.0,20240901_中京_結果_10,10
14,牡5,12.6,58,2 先,28.0,95.0,83.0,118.0,19.0,26.0,492.0,20.0,20240901_中京_結果_10,10
4,牡5,24.1,58,4 追,48.0,100.0,100.0,113.0,31.0,16.0,480.0,20.0,20240901_中京_結果_10,10
2,牡5,38.7,58,2 先,26.0,55.0,30.0,113.0,25.0,27.0,308.0,25.0,20240901_中京_結果_10,10
8,牡5,35.2,58,2 先,18.0,0.0,0.0,0.0,40.0,15.0,93.0,25.0,20240901_中京_結果_10,10
16,牡4,12.3,58,3 差,22.0,80.0,40.0,111.0,43.0,16.0,491.0,15.0,20240901_中京_結果_10,10
3,牡6,173.9,58,3 差,13.0,50.0,22.0,106.0,31.0,16.0,310.0,10.0,20240901_中京_結果_10,10
11,牝5,68.3,56,3 差,18.0,65.0,13.0,84.0,45.0,11.0,310.0,15.0,20240901_中京_結果_10,10
6,牡10,263.1,58,3 差,11.0,25.0,49.0,97.0,15.0,44.0,56.0,10.0,20240901_中京_結果_10,10
7,牝5,18.3,56,4 追,9.0,0.0,0.0,0.0,66.0,9.0,562.0,20.0,20240901_中京_結果_10,10
12,牡6,45.5,58,2 先,12.0,45.0,57.0,109.0,18.0,33.0,92.0,15.0,20240901_中京_結果_10,10
1,牡5,24.3,58,2 先,28.0,60.0,57.0,115.0,25.0,24.0,429.0,25.0,20240901_中京_結果_10,10
8,牡2,4.1,55,2 先,20.0,45.0,100.0,116.0,100.0,1.0,720.0,20.0,20240901_中京_結果_11,11
1,牡2,26.9,55,2 先,11.0,35.0,85.0,112.0,100.0,1.0,290.0,10.0,20240901_中京_結果_11,11
10,牡2,4.7,55,2 先,45.0,100.0,62.0,108.0,100.0,2.0,420.0,35.0,20240901_中京_結果_11,11
4,牡2,4.8,55,1 逃,37.0,55.0,42.0,99.0,100.0,2.0,420.0,50.0,20240901_中京_結果_11,11
3,牝2,35.9,55,3 差,12.0,0.0,40.0,91.0,100.0,1.0,720.0,25.0,20240901_中京_結果_11,11
13,牡2,5.9,55,3 差,43.0,65.0,46.0,114.0,50.0,2.0,753.0,40.0,20240901_中京_結果_11,11
5,牝2,9.9,55,3 差,18.0,0.0,89.0,109.0,100.0,1.0,720.0,30.0,20240901_中京_結果_11,11
7,牡2,107.2,55,3 差,11.0,5.0,32.0,99.0,50.0,2.0,330.0,10.0,20240901_中京_結果_11,11
9,牝2,11.3,55,3 差,15.0,15.0,56.0,103.0,100.0,1.0,720.0,20.0,20240901_中京_結果_11,11
11,牡2,9.2,55,3 差,19.0,45.0,32.0,111.0,100.0,1.0,720.0,25.0,20240901_中京_結果_11,11
6,牝2,35.4,55,2 先,18.0,0.0,0.0,79.0,50.0,2.0,275.0,25.0,20240901_中京_結果_11,11
2,牡2,65.4,55,4 追,18.0,0.0,0.0,0.0,100.0,1.0,720.0,20.0,20240901_中京_結果_11,11
12,牝2,72.3,55,4 追,5.0,0.0,0.0,79.0,100.0,2.0,645.0,15.0,20240901_中京_結果_11,11
16,牝4,2.4,56,1 逃,48.0,100.0,49.0,105.0,33.0,12.0,144.0,15.0,20240901_中京_結果_12,12
12,牡3,6.3,53,2 先,22.0,90.0,72.0,110.0,22.0,9.0,0.0,20.0,20240901_中京_結果_12,12
7,セ6,42.9,57,2 先,23.0,80.0,60.0,106.0,5.0,19.0,0.0,20.0,20240901_中京_結果_12,12
8,牡3,10.3,54,2 先,25.0,75.0,83.0,91.0,12.0,8.0,110.0,20.0,20240901_中京_結果_12,12
10,牝3,30.4,54,3 差,36.0,40.0,58.0,90.0,0.0,5.0,56.0,50.0,20240901_中京_結果_12,12
6,牡6,68.1,54,3 差,16.0,75.0,100.0,89.0,30.0,20.0,16.0,10.0,20240901_中京_結果_12,12
13,牝3,175.5,51,3 差,8.0,0.0,56.0,77.0,14.0,7.0,16.0,5.0,20240901_中京_結果_12,12
9,牡3,22.7,55,3 差,16.0,15.0,18.0,86.0,12.0,8.0,126.0,25.0,20240901_中京_結果_12,12
15,牡3,53.2,53,3 差,7.0,5.0,42.0,79.0,0.0,4.0,20.0,10.0,20240901_中京_結果_12,12
4,牝6,29.8,55,2 先,14.0,40.0,49.0,94.0,10.0,29.0,130.0,15.0,20240901_中京_結果_12,12
5,牝5,316.7,56,4 追,19.0,0.0,6.0,69.0,19.0,21.0,0.0,15.0,20240901_中京_結果_12,12
14,牡3,3.9,56,4 追,33.0,75.0,43.0,96.0,25.0,4.0,190.0,35.0,20240901_中京_結果_12,12
1,牝3,147.1,54,3 差,5.0,0.0,0.0,0.0,0.0,3.0,0.0,15.0,20240901_中京_結果_12,12
2,牡4,16.7,58,1 逃,23.0,30.0,36.0,69.0,26.0,15.0,64.0,30.0,20240901_中京_結果_12,12
3,牝3,12.1,54,3 差,9.0,0.0,0.0,0.0,0.0,3.0,0.0,20.0,20240901_中京_結果_12,12
11,牡3,289.9,55,4 追,5.0,0.0,39.0,71.0,0.0,4.0,35.0,15.0,20240901_中京_結果_12,12
3,牡4,39.6,60,2 先,14.0,5.0,70.0,,7.0,14.0,230.0,30.0,20241005_新潟_結果_1,1
2,牡6,2.0,60,1 逃,56.0,100.0,87.0,,34.0,29.0,354.0,50.0,20241005_新潟_結果_1,1
1,セ6,7.3,60,4 追,27.0,0.0,0.0,,14.0,21.0,135.0,25.0,20241005_新潟_結果_1,1
8,牡5,4.8,61,3 差,46.0,65.0,60.0,,23.0,21.0,519.0,65.0,20241005_新潟_結果_1,1
9,牝4,7.3,58,2 先,12.0,0.0,100.0,,19.0,21.0,222.0,30.0,20241005_新潟_結果_1,1
4,牡8,34.6,60,3 差,14.0,0.0,57.0,,18.0,50.0,176.0,15.0,20241005_新潟_結果_1,1
12,牡6,8.9,60,3 差,16.0,0.0,0.0,,14.0,35.0,112.0,25.0,20241005_新潟_結果_1,1
5,牡5,61.9,60,3 差,11.0,0.0,0.0,,21.0,28.0,40.0,10.0,20241005_新潟_結果_1,1
10,牡5,17.3,60,3 差,7.0,0.0,55.0,,14.0,14.0,68.0,20.0,20241005_新潟_結果_1,1
7,牡7,80.0,60,4 追,21.0,0.0,14.0,,18.0,48.0,158.0,45.0,20241005_新潟_結果_1,1
6,牝5,91.2,58,4 追,7.0,0.0,0.0,,20.0,24.0,200.0,20.0,20241005_新潟_結果_1,1
8,牡2,8.6,56,1 逃,18.0,0.0,0.0,0.0,0.0,2.0,0.0,20.0,20241005_新潟_結果_2,2
12,牡2,5.3,55,2 先,20.0,30.0,100.0,81.0,0.0,2.0,131.0,15.0,20241005_新潟_結果_2,2
10,牡2,2.4,56,2 先,32.0,20.0,86.0,87.0,0.0,2.0,160.0,35.0,20241005_新潟_結果_2,2
4,牡2,87.2,56,3 差,21.0,0.0,0.0,0.0,0.0,2.0,0.0,25.0,20241005_新潟_結果_2,2
3,牡2,5.2,53,2 先,48.0,60.0,30.0,91.0,0.0,1.0,180.0,5.0,20241005_新潟_結果_2,2
11,牡2,5.6,55,3 差,32.0,25.0,58.0,96.0,0.0,2.0,70.0,25.0,20241005_新潟_結果_2,2
6,牡2,15.0,54,2 先,12.0,0.0,0.0,0.0,0.0,1.0,0.0,15.0,20241005_新潟_結果_2,2
5,牡2,26.6,56,3 差,11.0,0.0,0.0,0.0,0.0,1.0,0.0,10.0,20241005_新潟_結果_2,2
2,牡2,187.2,56,4 追,18.0,0.0,0.0,58.0,0.0,1.0,0.0,20.0,20241005_新潟_結果_2,2
1,牝2,26.3,54,4 追,12.0,0.0,8.0,60.0,0.0,5.0,39.0,15.0,20241005_新潟_結果_2,2
7,牡2,69.9,53,3 差,18.0,0.0,5.0,56.0,0.0,3.0,0.0,20.0,20241005_新潟_結果_2,2
9,牝2,256.9,52,4 追,8.0,0.0,0.0,0.0,0.0,2.0,0.0,5.0,20241005_新潟_結果_2,2
11,牡4,30.3,58,2 先,26.0,45.0,100.0,108.0,14.0,14.0,154.0,20.0,20241005_新潟_結果_3,3
4,牡3,1.8,54,2 先,50.0,100.0,36.0,104.0,22.0,9.0,88.0,15.0,20241005_新潟_結果_3,3
10,牡3,4.4,55,1 逃,16.0,5.0,0.0,95.0,50.0,4.0,210.0,15.0,20241005_新潟_結果_3,3
9,牝3,53.6,52,3 差,8.0,0.0,0.0,0.0,20.0,6.0,110.0,5.0,20241005_新潟_結果_3,3
7,牝5,13.5,56,3 差,23.0,80.0,20.0,100.0,33.0,15.0,88.0,15.0,20241005_新潟_結果_3,3
13,牝4,135.1,56,2 先,18.0,10.0,40.0,80.0,27.0,11.0,22.0,10.0,20241005_新潟_結果_3,3
8,牝4,30.8,56,4 追,22.0,35.0,26.0,89.0,22.0,9.0,8.0,20.0,20241005_新潟_結果_3,3
1,牝5,229.5,53,4 追,16.0,15.0,0.0,0.0,16.0,25.0,0.0,15.0,20241005_新潟_結果_3,3
6,牡5,74.3,58,3 差,12.0,30.0,23.0,93.0,23.0,30.0,16.0,10.0,20241005_新潟_結果_3,3
12,牡4,125.7,56,2 先,9.0,0.0,0.0,79.0,15.0,19.0,16.0,15.0,20241005_新潟_結果_3,3
2,牝5,20.6,56,3 差,14.0,40.0,63.0,103.0,14.0,27.0,40.0,10.0,20241005_新潟_結果_3,3
3,セ3,17.7,54,4 追,22.0,50.0,3.0,94.0,40.0,5.0,184.0,20.0,20241005_新潟_結果_3,3
5,牝4,7.2,56,2 先,36.0,35.0,0.0,76.0,53.0,15.0,62.0,35.0,20241005_新潟_結果_3,3
15,牝3,423.8,55,3 差,11.0,0.0,0.0,61.0,11.0,9.0,0.0,10.0,20241005_新潟_結果_3,3
14,牝5,29.7,55,2 先,19.0,0.0,0.0,0.0,6.0,15.0,40.0,25.0,20241005_新潟_結果_3,3
9,牡5,2.1,60,2 先,60.0,85.0,78.0,,26.0,19.0,55.0,50.0,20241005_新潟_結果_4,4
10,牝5,3.1,58,2 先,27.0,0.0,13.0,,18.0,32.0,55.0,30.0,20241005_新潟_結果_4,4
11,牡9,9.0,60,2 先,45.0,100.0,100.0,,26.0,30.0,140.0,30.0,20241005_新潟_結果_4,4
1,牡7,6.1,60,2 先,22.0,55.0,13.0,,27.0,33.0,0.0,20.0,20241005_新潟_結果_4,4
2,牡4,91.4,60,3 差,19.0,0.0,33.0,,34.0,23.0,87.0,30.0,20241005_新潟_結果_4,4
4,牡3,22.9,58,3 差,9.0,0.0,0.0,,33.0,6.0,94.0,20.0,20241005_新潟_結果_4,4
3,セ4,31.8,60,4 追,40.0,0.0,70.0,,6.0,15.0,0.0,55.0,20241005_新潟_結果_4,4
8,セ4,14.4,60,3 差,30.0,0.0,9.0,,16.0,12.0,0.0,45.0,20241005_新潟_結果_4,4
5,牡3,162.5,58,4 追,7.0,0.0,46.0,,0.0,12.0,0.0,15.0,20241005_新潟_結果_4,4
7,牡3,43.6,58,4 追,8.0,0.0,0.0,,10.0,10.0,44.0,5.0,20241005_新潟_結果_4,4
13,牡2,2.5,56,2 先,52.0,,,,,,,,20241005_新潟_結果_5,5
11,牡2,37.8,56,2 先,43.0,,,,,,,,20241005_新潟_結果_5,5
8,牡2,24.5,52,2 先,27.0,,,,,,,,20241005_新潟_結果_5,5
5,牝2,24.3,52,3 差,30.0,,,,,,,,20241005_新潟_結果_5,5
2,牝2,12.2,55,2 先,35.0,,,,,,,,20241005_新潟_結果_5,5
12,牝2,12.2,55,3 差,49.0,,,,,,,,20241005_新潟_結果_5,5
10,牝2,24.7,54,1 逃,35.0,,,,,,,,20241005_新潟_結果_5,5
16,牝2,7.4,55,2 先,39.0,,,,,,,,20241005_新潟_結果_5,5
17,牡2,10.6,56,3 差,38.0,,,,,,,,20241005_新潟_結果_5,5
9,牝2,46.9,55,4 追,45.0,,,,,,,,20241005_新潟_結果_5,5
14,牝2,53.2,52,3 差,63.0,,,,,,,,20241005_新潟_結果_5,5
3,牡2,175.7,53,4 追,20.0,,,,,,,,20241005_新潟_結果_5,5
6,牡2,5.5,55,3 差,45.0,,,,,,,,20241005_新潟_結果_5,5
4,牝2,50.5,55,3 差,28.0,,,,,,,,20241005_新潟_結果_5,5
15,牝2,220.9,52,3 差,3.0,,,,,,,,20241005_新潟_結果_5,5
18,牝2,37.5,54,3 差,39.0,,,,,,,,20241005_新潟_結果_5,5
1,牝2,89.0,53,3 差,44.0,,,,,,,,20241005_新潟_結果_5,5
7,牝2,39.9,55,4 追,40.0,,,,,,,,20241005_新潟_結果_5,5
2,牝2,4.2,53,1 逃,18.0,25.0,55.0,96.0,0.0,3.0,106.0,15.0,20241005_新潟_結果_6,6
11,牡2,4.5,56,2 先,21.0,0.0,0.0,67.0,0.0,2.0,70.0,25.0,20241005_新潟_結果_6,6
5,牝2,5.6,55,2 先,58.0,100.0,12.0,74.0,0.0,2.0,0.0,30.0,20241005_新潟_結果_6,6
3,牡2,8.1,56,3 差,66.0,75.0,20.0,103.0,0.0,1.0,0.0,20.0,20241005_新潟_結果_6,6
4,牝2,138.8,55,2 先,16.0,20.0,29.0,85.0,0.0,2.0,0.0,15.0,20241005_新潟_結果_6,6
8,牝2,85.5,52,3 差,16.0,0.0,0.0,73.0,0.0,2.0,0.0,15.0,20241005_新潟_結果_6,6
10,牝2,3.1,55,1 逃,28.0,20.0,76.0,96.0,0.0,1.0,110.0,35.0,20241005_新潟_結果_6,6
1,牡2,26.7,54,2 先,11.0,0.0,16.0,85.0,0.0,1.0,0.0,10.0,20241005_新潟_結果_6,6
12,牝2,50.1,55,4 追,11.0,10.0,100.0,88.0,0.0,1.0,0.0,15.0,20241005_新潟_結果_6,6
7,牡2,14.7,53,4 追,19.0,0.0,0.0,58.0,0.0,1.0,0.0,20.0,20241005_新潟_結果_6,6
9,牝2,86.3,52,2 先,8.0,0.0,15.0,64.0,0.0,2.0,0.0,5.0,20241005_新潟_結果_6,6
6,牡2,61.3,54,4 追,9.0,0.0,65.0,89.0,0.0,1.0,0.0,15.0,20241005_新潟_結果_6,6
1,牡5,6.3,58,2 先,19.0,45.0,72.0,100.0,33.0,24.0,96.0,15.0,20241005_新潟_結果_7,7
11,牡4,7.2,57,2 先,20.0,40.0,45.0,96.0,5.0,20.0,64.0,15.0,20241005_新潟_結果_7,7
9,牡3,3.8,53,3 差,45.0,100.0,86.0,116.0,0.0,11.0,89.0,20.0,20241005_新潟_結果_7,7
8,牡3,19.6,55,2 先,25.0,25.0,35.0,87.0,0.0,6.0,55.0,25.0,20241005_新潟_結果_7,7
2,牡3,19.7,55,3 差,20.0,30.0,26.0,85.0,33.0,3.0,240.0,15.0,20241005_新潟_結果_7,7
10,牡3,19.9,56,2 先,31.0,40.0,100.0,87.0,20.0,5.0,146.0,25.0,20241005_新潟_結果_7,7
12,牝3,4.1,51,2 先,46.0,70.0,45.0,81.0,28.0,7.0,154.0,25.0,20241005_新潟_結果_7,7
7,牡3,10.3,53,3 差,19.0,45.0,36.0,101.0,7.0,13.0,162.0,15.0,20241005_新潟_結果_7,7
5,牡3,7.2,55,2 先,16.0,10.0,56.0,91.0,25.0,8.0,110.0,15.0,20241005_新潟_結果_7,7
6,牡3,21.3,53,3 差,8.0,15.0,0.0,68.0,50.0,2.0,145.0,5.0,20241005_新潟_結果_7,7
3,セ4,79.3,55,4 追,21.0,65.0,0.0,80.0,40.0,10.0,30.0,15.0,20241005_新潟_結果_7,7
4,牝4,223.7,53,4 追,8.0,20.0,31.0,70.0,25.0,12.0,11.0,5.0,20241005_新潟_結果_7,7
9,牡3,7.1,54,2 先,21.0,80.0,59.0,100.0,14.0,7.0,161.0,15.0,20241005_新潟_結果_8,8
10,牡3,2.7,57,1 逃,16.0,25.0,30.0,109.0,28.0,7.0,150.0,20.0,20241005_新潟_結果_8,8
4,牝5,16.7,55,4 追,26.0,75.0,100.0,117.0,22.0,22.0,64.0,25.0,20241005_新潟_結果_8,8
12,牝4,51.7,56,2 先,22.0,25.0,53.0,97.0,14.0,14.0,0.0,25.0,20241005_新潟_結果_8,8
1,牝3,63.1,53,3 差,11.0,25.0,42.0,98.0,14.0,7.0,143.0,10.0,20241005_新潟_結果_8,8
11,牝4,115.0,56,2 先,12.0,0.0,0.0,48.0,30.0,13.0,8.0,20.0,20241005_新潟_結果_8,8
8,牡4,8.1,58,1 逃,19.0,85.0,0.0,83.0,40.0,25.0,76.0,10.0,20241005_新潟_結果_8,8
3,牡5,42.1,56,3 差,18.0,45.0,23.0,94.0,13.0,23.0,72.0,15.0,20241005_新潟_結果_8,8
13,牝3,7.0,55,4 追,27.0,5.0,51.0,101.0,14.0,7.0,218.0,35.0,20241005_新潟_結果_8,8
7,牡5,8.4,58,2 先,48.0,100.0,55.0,108.0,62.0,8.0,222.0,20.0,20241005_新潟_結果_8,8
5,牝4,334.1,56,3 差,11.0,0.0,0.0,81.0,31.0,19.0,16.0,10.0,20241005_新潟_結果_8,8
2,牡3,7.5,54,3 差,19.0,45.0,33.0,107.0,50.0,8.0,209.0,20.0,20241005_新潟_結果_8,8
6,牝4,95.0,56,3 差,16.0,5.0,82.0,94.0,31.0,16.0,0.0,15.0,20241005_新潟_結果_8,8
14,牝5,43.5,56,2 先,30.0,40.0,82.0,103.0,14.0,21.0,0.0,30.0,20241005_新潟_結果_8,8
15,牡4,16.0,57,2 先,22.0,60.0,40.0,103.0,16.0,12.0,80.0,15.0,20241005_新潟_結果_8,8
8,牡3,2.5,56,1 逃,41.0,50.0,58.0,96.0,75.0,8.0,287.0,35.0,20241005_新潟_結果_9,9
12,牝3,7.1,54,4 追,7.0,0.0,85.0,108.0,25.0,4.0,151.0,15.0,20241005_新潟_結果_9,9
5,牝3,20.1,54,3 差,11.0,30.0,49.0,101.0,22.0,9.0,111.0,10.0,20241005_新潟_結果_9,9
1,牡3,3.3,56,3 差,16.0,50.0,94.0,110.0,16.0,6.0,178.0,15.0,20241005_新潟_結果_9,9
9,牝3,47.4,54,4 追,13.0,40.0,87.0,100.0,20.0,5.0,178.0,15.0,20241005_新潟_結果_9,9
3,牝3,35.8,54,4 追,19.0,0.0,0.0,84.0,28.0,7.0,88.0,15.0,20241005_新潟_結果_9,9
11,牝3,18.5,54,3 差,27.0,20.0,23.0,103.0,12.0,8.0,137.0,30.0,20241005_新潟_結果_9,9
10,牝4,61.0,56,2 先,12.0,0.0,19.0,92.0,12.0,16.0,24.0,20.0,20241005_新潟_結果_9,9
4,牡3,23.7,56,3 差,18.0,0.0,100.0,100.0,0.0,1.0,0.0,25.0,20241005_新潟_結果_9,9
6,牝3,44.7,54,3 差,26.0,100.0,7.0,111.0,0.0,9.0,33.0,10.0,20241005_新潟_結果_9,9
13,牡3,9.0,56,3 差,27.0,35.0,54.0,102.0,25.0,4.0,206.0,25.0,20241005_新潟_結果_9,9
7,牝4,245.1,56,2 先,8.0,0.0,0.0,52.0,7.0,13.0,0.0,5.0,20241005_新潟_結果_9,9
2,セ3,19.0,56,3 差,24.0,55.0,54.0,104.0,40.0,5.0,154.0,20.0,20241005_新潟_結果_9,9
14,牝4,130.6,56,3 差,33.0,100.0,26.0,79.0,23.0,13.0,0.0,20.0,20241005_新潟_結果_9,9
9,牡3,4.9,56,2 先,28.0,60.0,38.0,109.0,33.0,9.0,246.0,30.0,20241005_新潟_結果_10,10
15,牡3,3.5,56,3 差,21.0,80.0,94.0,110.0,66.0,6.0,238.0,20.0,20241005_新潟_結果_10,10
4,牝4,28.1,56,3 差,8.0,0.0,78.0,101.0,50.0,2.0,275.0,20.0,20241005_新潟_結果_10,10
5,牝4,11.3,56,2 先,27.0,30.0,84.0,111.0,38.0,13.0,242.0,35.0,20241005_新潟_結果_10,10
6,牡4,3.5,58,1 逃,28.0,80.0,100.0,120.0,38.0,13.0,232.0,25.0,20241005_新潟_結果_10,10
7,牝5,176.4,56,3 差,18.0,35.0,71.0,103.0,30.0,23.0,0.0,20.0,20241005_新潟_結果_10,10
10,牝4,66.9,56,3 差,11.0,55.0,86.0,111.0,22.0,9.0,40.0,10.0,20241005_新潟_結果_10,10
1,牡3,10.6,56,3 差,29.0,95.0,84.0,109.0,33.0,6.0,170.0,25.0,20241005_新潟_結果_10,10
16,牡3,36.0,56,2 先,10.0,35.0,70.0,106.0,18.0,11.0,0.0,15.0,20241005_新潟_結果_10,10
18,牡6,118.1,58,4 追,17.0,60.0,95.0,77.0,18.0,27.0,0.0,15.0,20241005_新潟_結果_10,10
12,牝3,10.2,54,2 先,11.0,0.0,46.0,100.0,40.0,5.0,208.0,10.0,20241005_新潟_結果_10,10
11,牡3,29.6,56,3 差,19.0,70.0,94.0,112.0,27.0,11.0,154.0,15.0,20241005_新潟_結果_10,10
13,牝3,56.9,54,3 差,17.0,60.0,78.0,90.0,0.0,9.0,80.0,15.0,20241005_新潟_結果_10,10
2,牡4,27.6,58,3 差,33.0,100.0,19.0,106.0,15.0,19.0,32.0,25.0,20241005_新潟_結果_10,10
14,牡3,207.6,56,3 差,10.0,15.0,47.0,98.0,0.0,8.0,28.0,15.0,20241005_新潟_結果_10,10
3,牝5,161.6,56,4 追,11.0,10.0,72.0,97.0,13.0,30.0,24.0,10.0,20241005_新潟_結果_10,10
17,牡3,91.4,56,3 差,10.0,20.0,76.0,99.0,25.0,8.0,170.0,15.0,20241005_新潟_結果_10,10
8,牡5,280.1,58,4 追,18.0,65.0,62.0,99.0,7.0,14.0,16.0,15.0,20241005_新潟_結果_10,10
9,牡5,13.9,55,2 先,24.0,85.0,49.0,111.0,18.0,32.0,34.0,15.0,20241005_新潟_結果_11,11
7,セ5,47.0,56,2 先,16.0,75.0,74.0,91.0,13.0,37.0,126.0,10.0,20241005_新潟_結果_11,11
3,牝5,17.4,53,3 差,16.0,50.0,43.0,100.0,13.0,23.0,46.0,15.0,20241005_新潟_結果_11,11
8,牝4,15.4,52,4 追,24.0,85.0,59.0,106.0,15.0,19.0,78.0,15.0,20241005_新潟_結果_11,11
1,牡4,5.6,56,3 差,33.0,100.0,100.0,103.0,23.0,17.0,138.0,20.0,20241005_新潟_結果_11,11
4,牝5,6.0,53,2 先,41.0,50.0,57.0,109.0,12.0,16.0,123.0,35.0,20241005_新潟_結果_11,11
10,牡5,7.7,55,4 追,28.0,80.0,78.0,113.0,11.0,26.0,62.0,20.0,20241005_新潟_結果_11,11
12,セ7,129.9,52,4 追,12.0,10.0,99.0,104.0,6.0,49.0,0.0,15.0,20241005_新潟_結果_11,11
6,牡4,25.2,54,3 差,31.0,65.0,85.0,117.0,13.0,23.0,200.0,25.0,20241005_新潟_結果_11,11
2,牡6,4.7,57,3 差,44.0,85.0,71.0,119.0,13.0,30.0,218.0,25.0,20241005_新潟_結果_11,11
5,牝4,7.4,53,2 先,31.0,60.0,79.0,110.0,18.0,11.0,0.0,25.0,20241005_新潟_結果_11,11
13,牡7,53.7,55,1 逃,16.0,25.0,63.0,110.0,26.0,41.0,125.0,20.0,20241005_新潟_結果_11,11
11,牝3,6.5,52,2 先,7.0,0.0,2.0,83.0,36.0,11.0,150.0,15.0,20241005_新潟_結果_11,11
4,牡4,6.2,58,,42.0,85.0,58.0,106.0,44.0,9.0,197.0,35.0,20241005_新潟_結果_12,12
11,牝3,41.3,54,,9.0,25.0,45.0,0.0,36.0,11.0,198.0,15.0,20241005_新潟_結果_12,12
18,牝6,3.8,52,,14.0,55.0,43.0,105.0,25.0,27.0,88.0,10.0,20241005_新潟_結果_12,12
3,牝5,58.5,54,,17.0,50.0,87.0,96.0,36.0,30.0,58.0,15.0,20241005_新潟_結果_12,12
6,牡3,27.1,57,,5.0,0.0,100.0,86.0,7.0,13.0,150.0,15.0,20241005_新潟_結果_12,12
7,牝4,15.0,55,,22.0,50.0,30.0,96.0,20.0,15.0,64.0,25.0,20241005_新潟_結果_12,12
17,牝3,19.7,52,,16.0,0.0,23.0,87.0,11.0,9.0,32.0,25.0,20241005_新潟_結果_12,12
10,牝3,18.5,52,,20.0,35.0,35.0,99.0,20.0,5.0,110.0,20.0,20241005_新潟_結果_12,12
13,牝4,10.8,53,,11.0,55.0,51.0,96.0,8.0,12.0,40.0,5.0,20241005_新潟_結果_12,12
14,牝5,5.6,56,,22.0,55.0,63.0,107.0,15.0,20.0,104.0,20.0,20241005_新潟_結果_12,12
12,牝4,9.4,56,,26.0,65.0,75.0,101.0,12.0,8.0,0.0,20.0,20241005_新潟_結果_12,12
16,牝6,54.9,55,,17.0,50.0,29.0,81.0,10.0,29.0,158.0,15.0,20241005_新潟_結果_12,12
1,牝3,7.1,55,,7.0,5.0,69.0,94.0,37.0,8.0,118.0,15.0,20241005_新潟_結果_12,12
5,牡5,213.0,55,,10.0,20.0,52.0,83.0,15.0,19.0,34.0,15.0,20241005_新潟_結果_12,12
8,牡4,59.3,56,,14.0,40.0,36.0,0.0,19.0,21.0,16.0,15.0,20241005_新潟_結果_12,12
2,牡3,50.0,57,,36.0,100.0,42.0,96.0,28.0,7.0,64.0,25.0,20241005_新潟_結果_12,12
15,牝4,248.7,56,,18.0,0.0,0.0,0.0,17.0,25.0,2.0,10.0,20241005_新潟_結果_12,12
9,牝4,236.4,54,,11.0,25.0,52.0,101.0,5.0,18.0,0.0,10.0,20241005_新潟_結果_12,12
1,牝2,1.6,55,1 逃,53.0,70.0,33.0,98.0,50.0,2.0,146.0,40.0,20241102_京都_結果_1,1
6,牝2,3.1,55,2 先,54.0,0.0,0.0,0.0,33.0,3.0,180.0,35.0,20241102_京都_結果_1,1
3,牝2,6.7,55,2 先,50.0,25.0,100.0,91.0,100.0,1.0,290.0,30.0,20241102_京都_結果_1,1
7,牝2,7.8,52,3 差,22.0,0.0,0.0,0.0,25.0,4.0,82.0,20.0,20241102_京都_結果_1,1
5,牝2,130.5,55,4 追,8.0,0.0,85.0,52.0,0.0,2.0,0.0,5.0,20241102_京都_結果_1,1
4,牝2,127.8,54,2 先,30.0,0.0,0.0,40.0,0.0,1.0,0.0,25.0,20241102_京都_結果_1,1
2,牝2,46.2,52,4 追,14.0,0.0,0.0,0.0,0.0,1.0,0.0,10.0,20241102_京都_結果_1,1
7,牡2,1.4,56,1 逃,62.0,95.0,56.0,98.0,66.0,3.0,206.0,35.0,20241102_京都_結果_2,2
1,牡2,50.3,56,4 追,11.0,0.0,100.0,72.0,0.0,1.0,72.0,10.0,20241102_京都_結果_2,2
8,牝2,10.0,55,2 先,26.0,0.0,0.0,0.0,0.0,1.0,0.0,35.0,20241102_京都_結果_2,2
9,牡2,6.1,56,2 先,58.0,100.0,60.0,101.0,0.0,2.0,41.0,35.0,20241102_京都_結果_2,2
6,牡2,45.4,56,3 差,26.0,0.0,100.0,80.0,0.0,2.0,0.0,35.0,20241102_京都_結果_2,2
4,牝2,63.0,52,4 追,16.0,0.0,0.0,0.0,0.0,1.0,0.0,20.0,20241102_京都_結果_2,2
3,牡2,192.3,56,3 差,14.0,0.0,0.0,58.0,0.0,3.0,0.0,20.0,20241102_京都_結果_2,2
2,牡2,208.6,56,3 差,12.0,0.0,60.0,55.0,0.0,1.0,0.0,20.0,20241102_京都_結果_2,2
11,牡2,4.8,55,2 先,18.0,0.0,96.0,87.0,100.0,1.0,290.0,25.0,20241102_京都_結果_2,2
10,牡2,164.5,56,2 先,7.0,0.0,20.0,56.0,0.0,1.0,0.0,15.0,20241102_京都_結果_2,2
5,牝2,205.2,55,2 先,11.0,0.0,0.0,0.0,0.0,1.0,0.0,10.0,20241102_京都_結果_2,2
3,牡2,3.9,56,2 先,30.0,40.0,100.0,104.0,50.0,2.0,200.0,35.0,20241102_京都_結果_3,3
5,牡2,6.5,53,2 先,17.0,55.0,54.0,103.0,33.0,3.0,156.0,20.0,20241102_京都_結果_3,3
2,牡2,24.0,56,1 逃,16.0,0.0,0.0,58.0,0.0,1.0,0.0,30.0,20241102_京都_結果_3,3
10,牡2,2.6,56,3 差,53.0,100.0,89.0,127.0,100.0,1.0,290.0,40.0,20241102_京都_結果_3,3
13,牝2,4.1,55,2 先,22.0,35.0,96.0,105.0,0.0,1.0,180.0,35.0,20241102_京都_結果_3,3
9,牡2,63.6,55,2 先,16.0,0.0,56.0,87.0,0.0,1.0,0.0,25.0,20241102_京都_結果_3,3
7,牡2,55.7,56,4 追,19.0,0.0,40.0,90.0,0.0,1.0,72.0,35.0,20241102_京都_結果_3,3
8,牡2,91.8,56,2 先,10.0,15.0,39.0,76.0,0.0,2.0,0.0,15.0,20241102_京都_結果_3,3
12,牝2,68.7,55,4 追,10.0,10.0,89.0,97.0,0.0,1.0,0.0,15.0,20241102_京都_結果_3,3
6,牝2,112.8,55,3 差,21.0,0.0,40.0,75.0,0.0,1.0,0.0,40.0,20241102_京都_結果_3,3
4,牡2,181.4,54,3 差,7.0,0.0,0.0,52.0,0.0,3.0,0.0,20.0,20241102_京都_結果_3,3
11,牡2,9.6,56,3 差,30.0,40.0,59.0,106.0,100.0,2.0,255.0,35.0,20241102_京都_結果_3,3
1,牝2,100.3,55,3 差,8.0,15.0,65.0,94.0,0.0,1.0,72.0,5.0,20241102_京都_結果_3,3
4,牡2,3.8,55,2 先,52.0,100.0,65.0,100.0,0.0,2.0,125.0,25.0,20241102_京都_結果_4,4
3,牡2,3.8,56,1 逃,39.0,45.0,9.0,94.0,0.0,2.0,70.0,35.0,20241102_京都_結果_4,4
8,牝2,3.2,55,3 差,30.0,0.0,69.0,46.0,50.0,2.0,145.0,35.0,20241102_京都_結果_4,4
1,牝2,4.9,55,4 追,40.0,30.0,100.0,93.0,0.0,1.0,110.0,40.0,20241102_京都_結果_4,4
7,牡2,64.5,56,2 先,16.0,0.0,0.0,59.0,0.0,4.0,58.0,20.0,20241102_京都_結果_4,4
2,牡2,5.9,56,3 差,30.0,70.0,80.0,100.0,0.0,1.0,110.0,40.0,20241102_京都_結果_4,4
6,牡2,29.6,53,4 追,16.0,0.0,0.0,0.0,0.0,1.0,0.0,20.0,20241102_京都_結果_4,4
5,牝2,205.7,55,4 追,11.0,0.0,0.0,0.0,0.0,1.0,0.0,10.0,20241102_京都_結果_4,4
9,牡2,23.9,56,3 差,29.0,,,,,,,,20241102_京都_結果_5,5
16,牡2,5.8,56,2 先,31.0,,,,,,,,20241102_京都_結果_5,5
3,牡2,3.9,56,2 先,58.0,,,,,,,,20241102_京都_結果_5,5
2,牝2,65.7,55,3 差,25.0,,,,,,,,20241102_京都_結果_5,5
10,牡2,3.4,56,1 逃,42.0,,,,,,,,20241102_京都_結果_5,5
11,牝2,9.4,55,2 先,39.0,,,,,,,,20241102_京都_結果_5,5
14,牡2,71.1,56,3 差,45.0,,,,,,,,20241102_京都_結果_5,5
4,牡2,100.7,56,3 差,23.0,,,,,,,,20241102_京都_結果_5,5
12,牡2,15.7,53,3 差,36.0,,,,,,,,20241102_京都_結果_5,5
6,牝2,6.5,55,3 差,26.0,,,,,,,,20241102_京都_結果_5,5
15,牡2,16.4,56,3 差,31.0,,,,,,,,20241102_京都_結果_5,5
5,牡2,36.2,56,3 差,37.0,,,,,,,,20241102_京都_結果_5,5
7,牝2,55.7,54,3 差,24.0,,,,,,,,20241102_京都_結果_5,5
1,牝2,126.9,55,4 追,29.0,,,,,,,,20241102_京都_結果_5,5
13,牝2,171.5,55,4 追,19.0,,,,,,,,20241102_京都_結果_5,5
8,牝2,79.4,55,4 追,52.0,,,,,,,,20241102_京都_結果_5,5
1,牝2,16.6,55,2 先,57.0,,,,,,,,20241102_京都_結果_6,6
14,牝2,7.5,55,3 差,50.0,,,,,,,,20241102_京都_結果_6,6
8,牝2,41.0,54,2 先,36.0,,,,,,,,20241102_京都_結果_6,6
12,牝2,9.6,55,3 差,55.0,,,,,,,,20241102_京都_結果_6,6
6,牝2,15.3,55,1 逃,51.0,,,,,,,,20241102_京都_結果_6,6
4,牝2,9.8,55,3 差,40.0,,,,,,,,20241102_京都_結果_6,6
11,牝2,19.7,55,2 先,34.0,,,,,,,,20241102_京都_結果_6,6
3,牝2,4.0,55,3 差,76.0,,,,,,,,20241102_京都_結果_6,6
9,牝2,6.8,55,2 先,42.0,,,,,,,,20241102_京都_結果_6,6
10,牝2,13.5,55,2 先,30.0,,,,,,,,20241102_京都_結果_6,6
7,牝2,5.1,55,3 差,68.0,,,,,,,,20241102_京都_結果_6,6
5,牝2,69.2,55,3 差,30.0,,,,,,,,20241102_京都_結果_6,6
13,牝2,35.9,53,4 追,34.0,,,,,,,,20241102_京都_結果_6,6
2,牝2,142.5,52,4 追,25.0,,,,,,,,20241102_京都_結果_6,6
4,牡3,5.7,56,2 先,32.0,0.0,45.0,94.0,50.0,4.0,250.0,40.0,20241102_京都_結果_7,7
2,牡3,2.3,56,2 先,70.0,100.0,95.0,106.0,36.0,11.0,144.0,35.0,20241102_京都_結果_7,7
3,牡3,4.0,55,1 逃,29.0,10.0,65.0,104.0,28.0,7.0,96.0,25.0,20241102_京都_結果_7,7
1,牡4,10.2,58,2 先,16.0,20.0,100.0,104.0,16.0,12.0,128.0,15.0,20241102_京都_結果_7,7
5,牡3,123.1,53,4 追,16.0,0.0,0.0,75.0,25.0,4.0,137.0,20.0,20241102_京都_結果_7,7
8,牡3,14.1,56,3 差,38.0,50.0,63.0,86.0,33.0,9.0,148.0,35.0,20241102_京都_結果_7,7
7,牡4,6.5,58,4 追,25.0,0.0,9.0,87.0,37.0,8.0,110.0,35.0,20241102_京都_結果_7,7
1,セ4,2.9,58,2 先,31.0,95.0,69.0,97.0,53.0,13.0,390.0,25.0,20241102_京都_結果_9,9
7,牝4,4.9,56,2 先,59.0,95.0,80.0,111.0,37.0,16.0,355.0,35.0,20241102_京都_結果_9,9
5,牡3,3.7,56,3 差,22.0,0.0,70.0,95.0,33.0,6.0,281.0,35.0,20241102_京都_結果_9,9
2,牡7,118.1,58,3 差,27.0,85.0,53.0,84.0,21.0,28.0,92.0,20.0,20241102_京都_結果_9,9
4,牡3,4.6,56,2 先,46.0,70.0,30.0,92.0,20.0,10.0,78.0,35.0,20241102_京都_結果_9,9
3,牡7,73.5,58,2 先,26.0,65.0,54.0,102.0,10.0,46.0,125.0,20.0,20241102_京都_結果_9,9
9,セ4,12.7,58,4 追,35.0,45.0,100.0,104.0,13.0,15.0,76.0,35.0,20241102_京都_結果_9,9
10,セ5,31.5,58,2 先,31.0,100.0,71.0,102.0,15.0,39.0,251.0,20.0,20241102_京都_結果_9,9
6,牝5,24.7,56,1 逃,21.0,30.0,66.0,99.0,20.0,15.0,184.0,25.0,20241102_京都_結果_9,9
8,牡4,20.7,58,2 先,41.0,50.0,46.0,103.0,35.0,14.0,184.0,40.0,20241102_京都_結果_9,9
4,牡3,2.6,56,2 先,29.0,70.0,98.0,121.0,50.0,8.0,648.0,35.0,20241102_京都_結果_10,10
2,牡4,53.1,56,2 先,9.0,25.0,78.0,104.0,25.0,12.0,404.0,20.0,20241102_京都_結果_10,10
3,牡5,14.2,55,3 差,19.0,70.0,76.0,118.0,25.0,16.0,376.0,20.0,20241102_京都_結果_10,10
12,牡4,69.6,54,1 逃,23.0,20.0,66.0,108.0,23.0,21.0,422.0,35.0,20241102_京都_結果_10,10
1,セ7,28.4,55,3 差,26.0,55.0,100.0,114.0,17.0,35.0,336.0,35.0,20241102_京都_結果_10,10
14,牡5,27.0,56,2 先,13.0,40.0,75.0,107.0,37.0,16.0,73.0,25.0,20241102_京都_結果_10,10
6,牡4,99.6,55,3 差,14.0,40.0,71.0,88.0,23.0,17.0,228.0,15.0,20241102_京都_結果_10,10
11,牡3,2.8,57,2 先,31.0,60.0,40.0,107.0,54.0,11.0,595.0,40.0,20241102_京都_結果_10,10
15,牡4,25.9,55,3 差,14.0,50.0,76.0,104.0,25.0,16.0,406.0,5.0,20241102_京都_結果_10,10
7,牝6,95.8,52,4 追,17.0,60.0,78.0,110.0,15.0,20.0,0.0,20.0,20241102_京都_結果_10,10
13,牝5,121.5,53,4 追,26.0,100.0,16.0,82.0,41.0,12.0,222.0,20.0,20241102_京都_結果_10,10
10,牡6,16.4,56,3 差,26.0,55.0,53.0,106.0,17.0,28.0,166.0,35.0,20241102_京都_結果_10,10
8,牝5,43.9,54,3 差,61.0,80.0,67.0,120.0,30.0,13.0,148.0,40.0,20241102_京都_結果_10,10
5,牡5,28.8,55,2 先,21.0,80.0,50.0,74.0,38.0,18.0,92.0,25.0,20241102_京都_結果_10,10
16,牝5,70.2,53,3 差,22.0,55.0,75.0,100.0,23.0,17.0,228.0,30.0,20241102_京都_結果_10,10
9,牝4,6.6,55,1 逃,26.0,75.0,71.0,107.0,31.0,16.0,261.0,35.0,20241102_京都_結果_10,10
12,牝2,9.5,55,2 先,19.0,0.0,99.0,106.0,50.0,2.0,496.0,35.0,20241102_京都_結果_11,11
4,牝2,19.5,55,1 逃,18.0,70.0,86.0,108.0,60.0,5.0,377.0,15.0,20241102_京都_結果_11,11
13,牝2,85.7,55,1 逃,26.0,55.0,0.0,77.0,33.0,3.0,183.0,35.0,20241102_京都_結果_11,11
9,牝2,4.4,55,3 差,16.0,50.0,83.0,112.0,60.0,5.0,491.0,25.0,20241102_京都_結果_11,11
15,牝2,3.5,55,3 差,31.0,60.0,82.0,119.0,100.0,2.0,1170.0,40.0,20241102_京都_結果_11,11
1,牝2,13.2,55,2 先,26.0,100.0,63.0,101.0,66.0,3.0,777.0,20.0,20241102_京都_結果_11,11
10,牝2,28.8,55,2 先,16.0,50.0,52.0,97.0,50.0,2.0,311.0,25.0,20241102_京都_結果_11,11
11,牝2,11.6,55,4 追,16.0,15.0,86.0,113.0,100.0,2.0,420.0,30.0,20241102_京都_結果_11,11
14,牝2,68.3,55,2 先,14.0,55.0,89.0,106.0,75.0,4.0,247.0,15.0,20241102_京都_結果_11,11
8,牝2,39.9,55,2 先,17.0,60.0,79.0,107.0,50.0,2.0,360.0,20.0,20241102_京都_結果_11,11
7,牝2,17.4,55,2 先,22.0,40.0,86.0,114.0,50.0,2.0,515.0,35.0,20241102_京都_結果_11,11
3,牝2,8.3,55,4 追,16.0,0.0,100.0,102.0,100.0,1.0,720.0,35.0,20241102_京都_結果_11,11
5,牝2,21.3,55,3 差,45.0,90.0,59.0,107.0,100.0,2.0,420.0,35.0,20241102_京都_結果_11,11
2,牝2,16.3,55,2 先,26.0,45.0,72.0,107.0,100.0,1.0,720.0,40.0,20241102_京都_結果_11,11
6,牝2,17.5,55,4 追,13.0,40.0,82.0,105.0,50.0,2.0,365.0,15.0,20241102_京都_結果_11,11
5,牡3,2.1,56,4 追,55.0,25.0,100.0,104.0,50.0,6.0,268.0,35.0,20241102_京都_結果_12,12
3,牡4,8.1,58,2 先,33.0,55.0,82.0,91.0,20.0,15.0,101.0,25.0,20241102_京都_結果_12,12
4,牡4,44.4,55,4 追,11.0,0.0,0.0,0.0,25.0,16.0,224.0,10.0,20241102_京都_結果_12,12
7,牝3,3.8,54,2 先,58.0,90.0,95.0,114.0,57.0,7.0,314.0,35.0,20241102_京都_結果_12,12
8,牝5,67.6,54,3 差,27.0,30.0,71.0,107.0,10.0,28.0,0.0,20.0,20241102_京都_結果_12,12
1,牡4,3.1,58,1 逃,54.0,100.0,74.0,116.0,36.0,11.0,524.0,40.0,20241102_京都_結果_12,12
6,牝5,21.8,53,2 先,20.0,30.0,23.0,98.0,18.0,33.0,22.0,15.0,20241102_京都_結果_12,12
2,牝5,87.0,53,2 先,25.0,15.0,99.0,107.0,31.0,22.0,24.0,20.0,20241102_京都_結果_12,12
10,牡2,1.9,56,1 逃,50.0,0.0,0.0,0.0,100.0,1.0,290.0,35.0,20241102_東京_結果_1,1
2,牡2,4.2,56,1 逃,7.0,0.0,0.0,0.0,0.0,1.0,0.0,15.0,20241102_東京_結果_1,1
3,牝2,70.9,55,2 先,14.0,25.0,0.0,82.0,0.0,2.0,0.0,10.0,20241102_東京_結果_1,1
14,牡2,6.6,56,2 先,44.0,90.0,82.0,112.0,16.0,6.0,72.0,50.0,20241102_東京_結果_1,1
6,牝2,35.7,55,4 追,19.0,25.0,0.0,72.0,0.0,2.0,0.0,25.0,20241102_東京_結果_1,1
13,牝2,276.8,55,4 追,8.0,0.0,0.0,0.0,0.0,1.0,0.0,5.0,20241102_東京_結果_1,1
9,牝2,17.1,55,3 差,23.0,0.0,0.0,0.0,25.0,4.0,107.0,20.0,20241102_東京_結果_1,1
4,牝2,57.8,55,3 差,8.0,0.0,0.0,0.0,0.0,1.0,0.0,5.0,20241102_東京_結果_1,1
8,牡2,281.4,53,4 追,7.0,0.0,60.0,50.0,0.0,1.0,0.0,0.0,20241102_東京_結果_1,1
5,牝2,326.0,55,3 差,8.0,0.0,16.0,50.0,0.0,1.0,0.0,5.0,20241102_東京_結果_1,1
7,牝2,14.4,54,3 差,14.0,20.0,56.0,76.0,0.0,3.0,74.0,15.0,20241102_東京_結果_1,1
12,牝2,7.4,55,3 差,43.0,60.0,100.0,92.0,0.0,2.0,41.0,60.0,20241102_東京_結果_1,1
1,牝2,114.9,53,3 差,11.0,0.0,0.0,0.0,0.0,2.0,0.0,10.0,20241102_東京_結果_1,1
11,牡2,121.5,56,2 先,16.0,0.0,0.0,0.0,0.0,3.0,0.0,15.0,20241102_東京_結果_1,1
8,牝2,3.6,55,2 先,27.0,5.0,90.0,97.0,0.0,2.0,125.0,35.0,20241102_東京_結果_2,2
3,牝2,1.7,55,2 先,50.0,60.0,85.0,108.0,100.0,1.0,290.0,50.0,20241102_東京_結果_2,2
1,牝2,10.2,55,3 差,44.0,20.0,20.0,95.0,100.0,1.0,290.0,40.0,20241102_東京_結果_2,2
6,牝2,12.2,55,2 先,7.0,0.0,49.0,90.0,0.0,1.0,180.0,15.0,20241102_東京_結果_2,2
7,牝2,139.1,55,4 追,14.0,0.0,72.0,90.0,0.0,1.0,0.0,15.0,20241102_東京_結果_2,2
9,牝2,133.2,55,3 差,19.0,0.0,12.0,74.0,0.0,1.0,0.0,20.0,20241102_東京_結果_2,2
2,牝2,28.0,55,1 逃,51.0,100.0,45.0,104.0,0.0,3.0,18.0,45.0,20241102_東京_結果_2,2
11,牝2,43.9,55,3 差,16.0,0.0,29.0,95.0,0.0,1.0,72.0,20.0,20241102_東京_結果_2,2
5,牝2,384.4,55,3 差,8.0,0.0,25.0,79.0,0.0,2.0,0.0,5.0,20241102_東京_結果_2,2
10,牝2,7.1,55,1 逃,16.0,0.0,100.0,94.0,0.0,1.0,180.0,25.0,20241102_東京_結果_2,2
8,牡2,4.3,56,1 逃,11.0,0.0,0.0,55.0,0.0,1.0,0.0,10.0,20241102_東京_結果_3,3
2,牡2,7.3,56,3 差,32.0,0.0,0.0,78.0,0.0,3.0,87.0,30.0,20241102_東京_結果_3,3
9,牝2,37.7,55,2 先,11.0,0.0,0.0,0.0,0.0,4.0,0.0,10.0,20241102_東京_結果_3,3
12,牡2,22.0,56,2 先,21.0,0.0,36.0,55.0,0.0,3.0,0.0,20.0,20241102_東京_結果_3,3
5,牝2,2.4,55,2 先,8.0,0.0,0.0,0.0,0.0,2.0,160.0,5.0,20241102_東京_結果_3,3
3,牡2,38.1,54,2 先,14.0,5.0,100.0,78.0,0.0,4.0,34.0,10.0,20241102_東京_結果_3,3
6,牡2,265.8,56,3 差,16.0,0.0,72.0,61.0,0.0,1.0,0.0,15.0,20241102_東京_結果_3,3
10,牡2,139.0,55,4 追,19.0,0.0,85.0,70.0,0.0,1.0,0.0,15.0,20241102_東京_結果_3,3
1,牝2,346.7,55,3 差,16.0,0.0,0.0,49.0,0.0,4.0,0.0,5.0,20241102_東京_結果_3,3
11,牡2,12.5,56,3 差,21.0,0.0,0.0,0.0,0.0,1.0,0.0,20.0,20241102_東京_結果_3,3
4,牝2,3.4,55,3 差,53.0,100.0,100.0,94.0,0.0,2.0,41.0,15.0,20241102_東京_結果_3,3
7,牡2,205.0,56,4 追,25.0,15.0,0.0,72.0,0.0,2.0,0.0,25.0,20241102_東京_結果_3,3
8,牝2,1.7,55,2 先,50.0,70.0,99.0,102.0,100.0,2.0,255.0,60.0,20241102_東京_結果_4,4
3,牝2,41.6,55,1 逃,25.0,0.0,100.0,79.0,0.0,1.0,0.0,30.0,20241102_東京_結果_4,4
1,牡2,2.3,56,2 先,18.0,35.0,100.0,107.0,100.0,1.0,290.0,50.0,20241102_東京_結果_4,4
6,牡2,8.1,56,4 追,33.0,100.0,99.0,61.0,0.0,2.0,27.0,15.0,20241102_東京_結果_4,4
5,牡2,23.3,56,1 逃,21.0,0.0,0.0,0.0,0.0,1.0,0.0,25.0,20241102_東京_結果_4,4
7,牝2,22.4,55,4 追,14.0,0.0,85.0,95.0,0.0,1.0,72.0,5.0,20241102_東京_結果_4,4
4,牝2,52.3,55,4 追,18.0,0.0,0.0,81.0,0.0,3.0,18.0,20.0,20241102_東京_結果_4,4
2,牡2,149.9,56,3 差,8.0,0.0,0.0,59.0,0.0,2.0,0.0,5.0,20241102_東京_結果_4,4
1,牡2,1.7,56,3 差,57.0,,,,,,,,20241102_東京_結果_5,5
6,牡2,5.1,56,2 先,40.0,,,,,,,,20241102_東京_結果_5,5
3,牡2,26.4,56,3 差,30.0,,,,,,,,20241102_東京_結果_5,5
8,牡2,4.8,56,2 先,57.0,,,,,,,,20241102_東京_結果_5,5
2,牡2,45.3,56,4 追,29.0,,,,,,,,20241102_東京_結果_5,5
7,牡2,19.6,55,3 差,48.0,,,,,,,,20241102_東京_結果_5,5
9,牡2,8.7,56,4 追,55.0,,,,,,,,20241102_東京_結果_5,5
4,牝2,22.4,55,4 追,39.0,,,,,,,,20241102_東京_結果_5,5
5,牡2,80.6,56,2 先,20.0,,,,,,,,20241102_東京_結果_5,5
10,牡2,92.5,56,1 逃,30.0,,,,,,,,20241102_東京_結果_5,5
10,牡2,6.1,56,1 逃,45.0,,,,,,,,20241102_東京_結果_6,6
9,牝2,3.5,55,1 逃,50.0,,,,,,,,20241102_東京_結果_6,6
11,牡2,7.8,56,2 先,35.0,,,,,,,,20241102_東京_結果_6,6
14,牡2,8.5,56,3 差,33.0,,,,,,,,20241102_東京_結果_6,6
15,牡2,3.2,56,2 先,57.0,,,,,,,,20241102_東京_結果_6,6
4,牡2,134.5,53,3 差,22.0,,,,,,,,20241102_東京_結果_6,6
5,牡2,11.3,56,3 差,45.0,,,,,,,,20241102_東京_結果_6,6
16,牡2,41.6,56,3 差,25.0,,,,,,,,20241102_東京_結果_6,6
13,セ2,122.9,56,3 差,21.0,,,,,,,,20241102_東京_結果_6,6
2,牡2,28.2,56,3 差,32.0,,,,,,,,20241102_東京_結果_6,6
8,牝2,56.2,55,2 先,24.0,,,,,,,,20241102_東京_結果_6,6
7,牡2,182.6,56,3 差,21.0,,,,,,,,20241102_東京_結果_6,6
12,牡2,89.0,55,3 差,32.0,,,,,,,,20241102_東京_結果_6,6
3,牡2,72.4,56,4 追,31.0,,,,,,,,20241102_東京_結果_6,6
1,牡2,27.4,56,2 先,32.0,,,,,,,,20241102_東京_結果_6,6
6,牡2,202.4,56,4 追,11.0,,,,,,,,20241102_東京_結果_6,6
2,牡3,3.0,57,2 先,51.0,95.0,22.0,113.0,66.0,3.0,256.0,30.0,20241102_東京_結果_7,7
1,セ3,5.2,57,1 逃,45.0,100.0,75.0,110.0,37.0,8.0,239.0,35.0,20241102_東京_結果_7,7
3,牡3,5.6,57,3 差,38.0,85.0,95.0,110.0,22.0,9.0,96.0,40.0,20241102_東京_結果_7,7
8,セ6,15.8,58,4 追,35.0,60.0,100.0,104.0,25.0,24.0,80.0,50.0,20241102_東京_結果_7,7
6,牡3,3.7,57,2 先,40.0,70.0,85.0,112.0,33.0,6.0,198.0,60.0,20241102_東京_結果_7,7
13,セ5,216.5,55,3 差,7.0,0.0,0.0,0.0,26.0,30.0,0.0,0.0,20241102_東京_結果_7,7
14,牡4,140.2,58,3 差,10.0,20.0,35.0,92.0,11.0,9.0,0.0,15.0,20241102_東京_結果_7,7
12,牡3,6.9,57,3 差,17.0,50.0,26.0,82.0,40.0,5.0,202.0,15.0,20241102_東京_結果_7,7
5,牝3,216.0,54,4 追,10.0,15.0,23.0,90.0,0.0,10.0,24.0,15.0,20241102_東京_結果_7,7
4,牡3,59.0,57,3 差,8.0,45.0,76.0,99.0,16.0,6.0,110.0,5.0,20241102_東京_結果_7,7
11,牡3,261.5,57,2 先,11.0,0.0,0.0,76.0,8.0,12.0,47.0,10.0,20241102_東京_結果_7,7
9,牡3,25.2,57,2 先,12.0,0.0,0.0,83.0,66.0,6.0,112.0,25.0,20241102_東京_結果_7,7
1,牡7,3.9,61,1 逃,53.0,100.0,0.0,,23.0,39.0,926.0,20.0,20241102_東京_結果_8,8
2,セ5,7.2,60,3 差,37.0,5.0,0.0,,50.0,20.0,403.0,55.0,20241102_東京_結果_8,8
4,牡4,11.8,59,2 先,32.0,0.0,51.0,,28.0,14.0,222.0,50.0,20241102_東京_結果_8,8
5,セ6,1.7,60,2 先,50.0,15.0,100.0,,25.0,20.0,683.0,30.0,20241102_東京_結果_8,8
6,牡5,83.9,59,4 追,7.0,0.0,0.0,,20.0,29.0,40.0,15.0,20241102_東京_結果_8,8
3,牡5,12.8,60,4 追,18.0,30.0,99.0,,22.0,22.0,495.0,65.0,20241102_東京_結果_8,8
8,牡7,9.2,60,3 差,21.0,25.0,6.0,,32.0,34.0,493.0,45.0,20241102_東京_結果_8,8
7,牡7,60.1,59,2 先,19.0,0.0,0.0,,9.0,33.0,138.0,20.0,20241102_東京_結果_8,8
1,牡3,13.3,56,2 先,26.0,100.0,78.0,116.0,25.0,12.0,256.0,15.0,20241102_東京_結果_9,9
10,牝3,4.0,54,2 先,36.0,75.0,91.0,119.0,100.0,7.0,412.0,50.0,20241102_東京_結果_9,9
3,牡3,7.1,56,1 逃,16.0,65.0,42.0,109.0,37.0,8.0,258.0,15.0,20241102_東京_結果_9,9
16,セ4,74.7,58,2 先,14.0,5.0,63.0,93.0,20.0,10.0,191.0,25.0,20241102_東京_結果_9,9
9,牝4,36.3,56,2 先,26.0,30.0,53.0,100.0,20.0,10.0,264.0,45.0,20241102_東京_結果_9,9
4,牡3,12.9,56,3 差,14.0,80.0,75.0,109.0,36.0,11.0,422.0,5.0,20241102_東京_結果_9,9
6,牡5,15.3,58,3 差,23.0,90.0,83.0,116.0,33.0,18.0,371.0,15.0,20241102_東京_結果_9,9
14,牡4,7.1,58,3 差,43.0,80.0,63.0,114.0,41.0,12.0,428.0,60.0,20241102_東京_結果_9,9
7,牡4,11.7,58,3 差,24.0,90.0,60.0,116.0,53.0,13.0,282.0,20.0,20241102_東京_結果_9,9
15,セ5,25.8,58,3 差,16.0,70.0,100.0,109.0,21.0,23.0,218.0,15.0,20241102_東京_結果_9,9
12,牡3,3.4,56,3 差,33.0,75.0,59.0,119.0,42.0,7.0,366.0,40.0,20241102_東京_結果_9,9
8,牡5,91.2,58,4 追,27.0,100.0,87.0,109.0,28.0,21.0,160.0,20.0,20241102_東京_結果_9,9
2,牡5,330.3,58,4 追,15.0,60.0,27.0,96.0,25.0,28.0,0.0,10.0,20241102_東京_結果_9,9
13,牡4,37.7,58,2 先,20.0,65.0,67.0,117.0,21.0,19.0,160.0,20.0,20241102_東京_結果_9,9
5,牝4,73.2,56,4 追,16.0,25.0,27.0,106.0,40.0,5.0,297.0,25.0,20241102_東京_結果_9,9
11,牡5,249.4,58,2 先,16.0,20.0,18.0,89.0,23.0,13.0,34.0,20.0,20241102_東京_結果_9,9
1,牡4,3.4,57,2 先,31.0,70.0,100.0,62.0,38.0,13.0,298.0,30.0,20241102_東京_結果_10,10
7,牡3,2.6,55,3 差,50.0,25.0,66.0,115.0,71.0,7.0,622.0,60.0,20241102_東京_結果_10,10
3,牡4,8.3,55,2 先,18.0,40.0,94.0,117.0,13.0,22.0,383.0,20.0,20241102_東京_結果_10,10
6,牡5,16.8,55,4 追,37.0,55.0,73.0,114.0,52.0,21.0,406.0,50.0,20241102_東京_結果_10,10
4,牡5,102.2,54,4 追,14.0,40.0,63.0,111.0,22.0,18.0,262.0,15.0,20241102_東京_結果_10,10
2,牝5,7.2,53,2 先,23.0,70.0,59.0,120.0,31.0,16.0,407.0,20.0,20241102_東京_結果_10,10
10,牝4,76.0,51,4 追,11.0,25.0,80.0,115.0,11.0,18.0,56.0,10.0,20241102_東京_結果_10,10
9,牡4,15.5,56,2 先,25.0,20.0,50.0,102.0,40.0,10.0,92.0,35.0,20241102_東京_結果_10,10
8,牡6,32.7,56,1 逃,29.0,60.0,22.0,114.0,39.0,28.0,73.0,35.0,20241102_東京_結果_10,10
5,セ6,7.1,56,3 差,56.0,100.0,74.0,129.0,50.0,18.0,205.0,45.0,20241102_東京_結果_10,10
7,牡2,21.0,56,3 差,21.0,0.0,88.0,104.0,100.0,1.0,720.0,50.0,20241102_東京_結果_11,11
11,牡2,7.8,56,2 先,56.0,100.0,45.0,119.0,50.0,4.0,418.0,60.0,20241102_東京_結果_11,11
4,牡2,7.6,56,3 差,11.0,5.0,78.0,111.0,50.0,2.0,595.0,25.0,20241102_東京_結果_11,11
6,牡2,2.6,56,3 差,19.0,0.0,58.0,114.0,100.0,2.0,420.0,45.0,20241102_東京_結果_11,11
10,牡2,15.5,56,2 先,14.0,55.0,95.0,117.0,100.0,2.0,751.0,10.0,20241102_東京_結果_11,11
12,牡2,16.9,56,2 先,46.0,100.0,62.0,119.0,33.0,3.0,406.0,40.0,20241102_東京_結果_11,11
9,牡2,40.7,56,3 差,5.0,0.0,65.0,104.0,100.0,1.0,720.0,20.0,20241102_東京_結果_11,11
3,牡2,4.3,56,2 先,17.0,60.0,100.0,120.0,100.0,2.0,1933.0,20.0,20241102_東京_結果_11,11
1,牝2,104.9,55,2 先,14.0,50.0,74.0,105.0,66.0,3.0,385.0,15.0,20241102_東京_結果_11,11
5,牡2,38.9,56,4 追,20.0,30.0,68.0,114.0,33.0,3.0,502.0,30.0,20241102_東京_結果_11,11
8,牝2,170.7,55,1 逃,16.0,0.0,39.0,93.0,33.0,3.0,247.0,15.0,20241102_東京_結果_11,11
13,牝2,7.2,55,4 追,17.0,10.0,100.0,112.0,100.0,1.0,720.0,35.0,20241102_東京_結果_11,11
14,牡2,246.3,56,4 追,7.0,0.0,50.0,89.0,33.0,3.0,207.0,25.0,20241102_東京_結果_11,11
2,牡2,139.7,56,3 差,17.0,0.0,0.0,0.0,50.0,2.0,330.0,35.0,20241102_東京_結果_11,11
1,牡4,1.4,58,2 先,55.0,100.0,100.0,117.0,46.0,13.0,454.0,35.0,20241102_東京_結果_12,12
6,牡5,11.3,58,2 先,32.0,0.0,42.0,109.0,19.0,21.0,109.0,20.0,20241102_東京_結果_12,12
3,牡4,10.8,58,1 逃,41.0,0.0,55.0,106.0,16.0,12.0,45.0,25.0,20241102_東京_結果_12,12
2,牝5,4.6,56,4 追,16.0,0.0,71.0,111.0,13.0,15.0,248.0,10.0,20241102_東京_結果_12,12
5,牡3,55.5,54,4 追,16.0,0.0,56.0,101.0,12.0,16.0,5.0,10.0,20241102_東京_結果_12,12
4,牡5,8.1,58,2 先,32.0,0.0,23.0,89.0,10.0,19.0,191.0,20.0,20241102_東京_結果_12,12
7,セ4,48.3,55,4 追,14.0,0.0,54.0,99.0,11.0,27.0,0.0,0.0,20241102_東京_結果_12,12
8,牡2,8.9,56,2 先,11.0,0.0,0.0,0.0,0.0,2.0,90.0,10.0,20241102_福島_結果_1,1
5,牡2,6.0,56,2 先,19.0,0.0,0.0,0.0,33.0,3.0,124.0,25.0,20241102_福島_結果_1,1
13,牡2,6.5,56,2 先,53.0,100.0,88.0,102.0,100.0,1.0,290.0,25.0,20241102_福島_結果_1,1
7,牡2,74.3,56,2 先,7.0,0.0,0.0,0.0,0.0,1.0,0.0,15.0,20241102_福島_結果_1,1
14,牡2,2.1,55,1 逃,25.0,20.0,100.0,104.0,100.0,1.0,290.0,30.0,20241102_福島_結果_1,1
4,牡2,9.2,56,1 逃,18.0,20.0,0.0,85.0,0.0,3.0,93.0,20.0,20241102_福島_結果_1,1
6,牡2,15.6,56,3 差,19.0,0.0,0.0,0.0,0.0,2.0,90.0,30.0,20241102_福島_結果_1,1
12,牡2,30.0,56,2 先,11.0,0.0,0.0,77.0,0.0,3.0,55.0,10.0,20241102_福島_結果_1,1
1,牡2,47.2,56,3 差,16.0,15.0,0.0,73.0,50.0,2.0,110.0,20.0,20241102_福島_結果_1,1
11,牝2,251.3,55,3 差,7.0,0.0,0.0,65.0,0.0,2.0,0.0,15.0,20241102_福島_結果_1,1
15,牡2,10.5,53,2 先,16.0,0.0,0.0,0.0,0.0,3.0,18.0,20.0,20241102_福島_結果_1,1
3,牡2,168.6,53,4 追,19.0,45.0,0.0,63.0,0.0,3.0,0.0,20.0,20241102_福島_結果_1,1
9,牝2,102.1,52,3 差,16.0,0.0,0.0,0.0,0.0,3.0,0.0,15.0,20241102_福島_結果_1,1
10,牝2,192.7,52,4 追,8.0,0.0,0.0,48.0,0.0,1.0,0.0,5.0,20241102_福島_結果_1,1
2,牡2,167.6,52,4 追,16.0,0.0,0.0,0.0,0.0,1.0,0.0,25.0,20241102_福島_結果_1,1
11,牝2,11.1,55,2 先,31.0,90.0,36.0,98.0,0.0,1.0,110.0,20.0,20241102_福島_結果_2,2
1,牝2,6.8,53,2 先,52.0,100.0,36.0,95.0,0.0,2.0,125.0,30.0,20241102_福島_結果_2,2
3,牝2,26.5,55,1 逃,7.0,0.0,89.0,68.0,0.0,4.0,20.0,15.0,20241102_福島_結果_2,2
5,牝2,13.6,51,3 差,7.0,0.0,73.0,86.0,0.0,1.0,0.0,15.0,20241102_福島_結果_2,2
7,牝2,25.3,54,2 先,16.0,50.0,36.0,90.0,0.0,1.0,0.0,15.0,20241102_福島_結果_2,2
4,牝2,8.5,52,3 差,29.0,95.0,51.0,94.0,33.0,3.0,142.0,20.0,20241102_福島_結果_2,2
2,牝2,89.1,55,3 差,7.0,0.0,0.0,0.0,0.0,1.0,0.0,0.0,20241102_福島_結果_2,2
14,牝2,7.2,54,2 先,17.0,45.0,100.0,86.0,0.0,1.0,110.0,15.0,20241102_福島_結果_2,2
8,牝2,3.5,55,2 先,32.0,80.0,45.0,85.0,0.0,2.0,160.0,25.0,20241102_福島_結果_2,2
6,牝2,496.3,52,4 追,8.0,0.0,0.0,0.0,0.0,1.0,0.0,5.0,20241102_福島_結果_2,2
9,牝2,21.3,54,2 先,37.0,80.0,56.0,97.0,0.0,1.0,0.0,30.0,20241102_福島_結果_2,2
10,牝2,144.0,55,4 追,11.0,0.0,0.0,57.0,0.0,1.0,0.0,10.0,20241102_福島_結果_2,2
16,牝2,40.3,52,4 追,12.0,0.0,45.0,80.0,0.0,1.0,110.0,20.0,20241102_福島_結果_2,2
12,牝2,4.7,55,3 差,26.0,75.0,18.0,85.0,0.0,3.0,153.0,20.0,20241102_福島_結果_2,2
13,牝2,66.9,55,3 差,17.0,40.0,85.0,84.0,0.0,1.0,0.0,10.0,20241102_福島_結果_2,2
15,牝2,128.6,52,3 差,8.0,45.0,6.0,79.0,0.0,2.0,0.0,5.0,20241102_福島_結果_2,2
4,牝2,40.9,51,1 逃,25.0,50.0,0.0,78.0,25.0,4.0,86.0,25.0,20241102_福島_結果_3,3
3,牡2,7.3,55,3 差,13.0,40.0,0.0,84.0,0.0,2.0,96.0,10.0,20241102_福島_結果_3,3
9,牡2,22.7,53,3 差,14.0,60.0,60.0,95.0,0.0,1.0,110.0,5.0,20241102_福島_結果_3,3
2,牡2,4.4,56,2 先,8.0,40.0,97.0,98.0,0.0,1.0,180.0,0.0,20241102_福島_結果_3,3
14,牡2,41.6,55,3 差,7.0,0.0,0.0,76.0,0.0,1.0,0.0,15.0,20241102_福島_結果_3,3
11,牡2,5.1,56,2 先,32.0,65.0,39.0,97.0,50.0,4.0,110.0,30.0,20241102_福島_結果_3,3
6,牡2,5.3,56,3 差,18.0,0.0,17.0,82.0,0.0,1.0,180.0,25.0,20241102_福島_結果_3,3
13,牝2,26.2,54,3 差,21.0,80.0,0.0,85.0,0.0,3.0,55.0,15.0,20241102_福島_結果_3,3
10,牝2,51.6,53,4 追,21.0,0.0,100.0,77.0,0.0,1.0,0.0,30.0,20241102_福島_結果_3,3
5,牡2,37.9,53,2 先,20.0,30.0,33.0,87.0,0.0,2.0,0.0,20.0,20241102_福島_結果_3,3
7,牝2,7.4,55,2 先,12.0,0.0,0.0,0.0,100.0,1.0,290.0,20.0,20241102_福島_結果_3,3
1,牝2,207.5,51,3 差,13.0,50.0,0.0,74.0,0.0,3.0,24.0,10.0,20241102_福島_結果_3,3
8,牡2,6.3,56,2 先,11.0,20.0,45.0,100.0,0.0,1.0,72.0,15.0,20241102_福島_結果_3,3
16,牝2,96.7,55,3 差,60.0,70.0,0.0,76.0,0.0,1.0,0.0,20.0,20241102_福島_結果_3,3
12,牝2,48.2,55,3 差,14.0,55.0,25.0,91.0,0.0,1.0,0.0,10.0,20241102_福島_結果_3,3
15,牝2,306.1,52,4 追,16.0,15.0,40.0,82.0,0.0,1.0,0.0,20.0,20241102_福島_結果_3,3
12,牝3,4.8,55,3 差,31.0,90.0,67.0,110.0,33.0,9.0,178.0,25.0,20241102_福島_結果_4,4
4,牝4,10.7,56,2 先,23.0,50.0,39.0,101.0,20.0,10.0,88.0,25.0,20241102_福島_結果_4,4
8,牝3,21.1,55,2 先,31.0,100.0,0.0,83.0,9.0,11.0,48.0,20.0,20241102_福島_結果_4,4
1,牝3,7.5,52,1 逃,27.0,85.0,85.0,104.0,27.0,11.0,206.0,20.0,20241102_福島_結果_4,4
3,牝3,5.1,53,2 先,32.0,80.0,100.0,101.0,41.0,12.0,253.0,30.0,20241102_福島_結果_4,4
14,牝3,37.8,54,3 差,32.0,80.0,0.0,84.0,14.0,7.0,132.0,30.0,20241102_福島_結果_4,4
15,牝3,8.9,51,2 先,18.0,35.0,0.0,92.0,30.0,11.0,79.0,25.0,20241102_福島_結果_4,4
16,牝4,27.0,56,2 先,19.0,70.0,45.0,104.0,13.0,15.0,40.0,15.0,20241102_福島_結果_4,4
6,牝5,13.5,56,3 差,46.0,95.0,13.0,96.0,26.0,19.0,64.0,20.0,20241102_福島_結果_4,4
5,牝5,158.5,56,3 差,26.0,95.0,50.0,113.0,3.0,33.0,64.0,10.0,20241102_福島_結果_4,4
10,牝5,14.1,56,2 先,32.0,80.0,45.0,107.0,17.0,23.0,128.0,30.0,20241102_福島_結果_4,4
9,牝3,5.8,52,2 先,23.0,80.0,80.0,100.0,40.0,5.0,252.0,20.0,20241102_福島_結果_4,4
11,牝4,14.0,55,2 先,22.0,80.0,14.0,103.0,25.0,4.0,137.0,15.0,20241102_福島_結果_4,4
7,牝5,195.6,56,2 先,26.0,95.0,26.0,69.0,35.0,20.0,0.0,10.0,20241102_福島_結果_4,4
13,牝5,426.0,53,4 追,3.0,0.0,16.0,0.0,6.0,32.0,0.0,5.0,20241102_福島_結果_4,4
8,牝2,3.2,53,2 先,50.0,,,,,,,,20241102_福島_結果_5,5
2,牡2,5.2,56,2 先,40.0,,,,,,,,20241102_福島_結果_5,5
13,牡2,60.7,55,1 逃,16.0,,,,,,,,20241102_福島_結果_5,5
4,牡2,6.1,53,2 先,28.0,,,,,,,,20241102_福島_結果_5,5
11,牝2,20.3,55,2 先,37.0,,,,,,,,20241102_福島_結果_5,5
5,牝2,13.7,51,3 差,20.0,,,,,,,,20241102_福島_結果_5,5
14,牝2,4.5,55,2 先,47.0,,,,,,,,20241102_福島_結果_5,5
10,牝2,15.4,52,2 先,25.0,,,,,,,,20241102_福島_結果_5,5
1,牡2,31.2,56,3 差,41.0,,,,,,,,20241102_福島_結果_5,5
16,牝2,175.4,52,2 先,24.0,,,,,,,,20241102_福島_結果_5,5
6,牝2,18.2,55,3 差,25.0,,,,,,,,20241102_福島_結果_5,5
3,牡2,83.9,55,3 差,24.0,,,,,,,,20241102_福島_結果_5,5
7,牝2,92.6,52,3 差,24.0,,,,,,,,20241102_福島_結果_5,5
9,牝2,71.6,55,4 追,18.0,,,,,,,,20241102_福島_結果_5,5
12,牝2,55.2,52,3 差,30.0,,,,,,,,20241102_福島_結果_5,5
15,牝2,62.5,51,4 追,28.0,,,,,,,,20241102_福島_結果_5,5
12,牡4,33.3,54,3 差,20.0,35.0,90.0,101.0,25.0,24.0,0.0,15.0,20241102_福島_結果_6,6
3,牡3,48.9,53,2 先,8.0,20.0,64.0,84.0,0.0,12.0,28.0,5.0,20241102_福島_結果_6,6
8,牡4,47.9,56,2 先,26.0,0.0,67.0,89.0,5.0,18.0,40.0,30.0,20241102_福島_結果_6,6
11,セ3,13.0,56,2 先,18.0,5.0,68.0,96.0,28.0,7.0,170.0,20.0,20241102_福島_結果_6,6
10,牝3,2.9,51,3 差,34.0,95.0,67.0,105.0,33.0,6.0,178.0,20.0,20241102_福島_結果_6,6
4,牝3,8.1,51,3 差,18.0,0.0,100.0,97.0,25.0,4.0,137.0,20.0,20241102_福島_結果_6,6
2,牝3,2.1,54,2 先,48.0,70.0,72.0,97.0,28.0,7.0,230.0,30.0,20241102_福島_結果_6,6
6,牡3,32.3,55,3 差,14.0,5.0,72.0,92.0,7.0,14.0,116.0,15.0,20241102_福島_結果_6,6
9,牡3,325.7,52,4 追,11.0,0.0,26.0,82.0,0.0,3.0,0.0,10.0,20241102_福島_結果_6,6
7,牡3,9.0,56,3 差,16.0,25.0,56.0,92.0,16.0,18.0,143.0,15.0,20241102_福島_結果_6,6
1,セ4,81.1,58,4 追,31.0,100.0,75.0,92.0,0.0,18.0,24.0,15.0,20241102_福島_結果_6,6
5,牡3,89.8,56,2 先,23.0,0.0,0.0,73.0,33.0,3.0,96.0,25.0,20241102_福島_結果_6,6
3,牡3,8.6,55,3 差,14.0,35.0,65.0,87.0,0.0,9.0,112.0,15.0,20241102_福島_結果_7,7
4,セ3,4.4,56,2 先,46.0,100.0,30.0,92.0,0.0,5.0,61.0,25.0,20241102_福島_結果_7,7
10,セ3,14.6,56,3 差,20.0,30.0,100.0,111.0,40.0,5.0,200.0,20.0,20241102_福島_結果_7,7
9,牝5,14.3,55,3 差,43.0,85.0,76.0,115.0,22.0,18.0,113.0,10.0,20241102_福島_結果_7,7
7,セ4,6.9,54,1 逃,31.0,70.0,71.0,112.0,11.0,17.0,86.0,25.0,20241102_福島_結果_7,7
2,牡3,15.5,53,4 追,7.0,0.0,99.0,108.0,18.0,11.0,0.0,15.0,20241102_福島_結果_7,7
1,牝3,6.5,50,3 差,13.0,15.0,52.0,99.0,22.0,9.0,194.0,15.0,20241102_福島_結果_7,7
8,牡3,15.5,53,3 差,12.0,0.0,34.0,109.0,14.0,7.0,204.0,20.0,20241102_福島_結果_7,7
13,牡3,67.6,53,3 差,8.0,15.0,29.0,79.0,20.0,5.0,66.0,5.0,20241102_福島_結果_7,7
6,牡3,4.4,54,2 先,36.0,55.0,0.0,96.0,20.0,5.0,204.0,30.0,20241102_福島_結果_7,7
5,牡4,47.5,57,2 先,19.0,0.0,72.0,66.0,5.0,17.0,0.0,15.0,20241102_福島_結果_7,7
12,牡7,86.9,55,3 差,14.0,0.0,39.0,99.0,13.0,29.0,72.0,20.0,20241102_福島_結果_7,7
14,牝4,37.0,52,4 追,16.0,60.0,56.0,101.0,12.0,16.0,24.0,10.0,20241102_福島_結果_7,7
11,牝3,94.6,53,3 差,21.0,0.0,63.0,86.0,11.0,9.0,0.0,30.0,20241102_福島_結果_7,7
15,牝3,28.0,53,3 差,11.0,20.0,12.0,110.0,37.0,8.0,170.0,15.0,20241102_福島_結果_7,7
7,セ3,8.0,56,2 先,11.0,20.0,40.0,98.0,10.0,10.0,56.0,10.0,20241102_福島_結果_8,8
6,牝4,52.5,53,3 差,14.0,30.0,47.0,89.0,6.0,16.0,40.0,5.0,20241102_福島_結果_8,8
1,牡3,9.2,56,3 差,33.0,10.0,51.0,98.0,23.0,13.0,226.0,25.0,20241102_福島_結果_8,8
2,牡4,4.5,57,2 先,18.0,20.0,86.0,110.0,18.0,22.0,120.0,15.0,20241102_福島_結果_8,8
3,牝4,6.9,55,2 先,16.0,15.0,78.0,100.0,11.0,17.0,80.0,15.0,20241102_福島_結果_8,8
4,牡4,12.4,58,2 先,16.0,25.0,71.0,97.0,18.0,16.0,40.0,15.0,20241102_福島_結果_8,8
10,牡3,2.1,56,2 先,61.0,100.0,100.0,115.0,22.0,9.0,135.0,25.0,20241102_福島_結果_8,8
8,牝4,36.0,56,4 追,20.0,40.0,66.0,83.0,12.0,16.0,32.0,15.0,20241102_福島_結果_8,8
5,牡5,24.3,58,1 逃,35.0,25.0,0.0,91.0,10.0,20.0,40.0,25.0,20241102_福島_結果_8,8
11,牝4,85.4,56,4 追,16.0,0.0,40.0,55.0,25.0,20.0,24.0,15.0,20241102_福島_結果_8,8
9,牡3,49.8,52,4 追,25.0,15.0,26.0,89.0,8.0,12.0,126.0,25.0,20241102_福島_結果_8,8
7,牡3,2.6,56,3 差,20.0,10.0,100.0,112.0,50.0,6.0,332.0,25.0,20241102_福島_結果_9,9
2,牡3,12.1,56,2 先,9.0,20.0,47.0,110.0,33.0,6.0,214.0,10.0,20241102_福島_結果_9,9
1,牝3,3.4,54,1 逃,19.0,35.0,14.0,103.0,25.0,4.0,179.0,20.0,20241102_福島_結果_9,9
13,牡3,8.5,56,2 先,53.0,100.0,12.0,99.0,36.0,11.0,198.0,30.0,20241102_福島_結果_9,9
10,牝6,44.0,56,4 追,11.0,20.0,34.0,101.0,19.0,36.0,104.0,15.0,20241102_福島_結果_9,9
5,牡3,10.1,56,3 差,18.0,40.0,42.0,100.0,42.0,7.0,226.0,10.0,20241102_福島_結果_9,9
9,セ3,203.6,56,3 差,18.0,0.0,0.0,83.0,0.0,3.0,60.0,20.0,20241102_福島_結果_9,9
12,牝3,46.5,54,2 先,18.0,5.0,12.0,98.0,40.0,5.0,182.0,25.0,20241102_福島_結果_9,9
6,牝3,105.8,54,2 先,16.0,0.0,0.0,94.0,12.0,16.0,110.0,20.0,20241102_福島_結果_9,9
11,牡4,20.1,58,4 追,14.0,25.0,10.0,98.0,8.0,12.0,74.0,15.0,20241102_福島_結果_9,9
3,牡3,11.5,56,3 差,15.0,30.0,45.0,98.0,14.0,7.0,220.0,15.0,20241102_福島_結果_9,9
14,牡4,41.0,58,2 先,22.0,40.0,50.0,106.0,40.0,15.0,137.0,25.0,20241102_福島_結果_9,9
8,牝3,22.5,54,3 差,14.0,25.0,40.0,97.0,16.0,6.0,178.0,15.0,20241102_福島_結果_9,9
4,牝5,81.7,56,2 先,11.0,20.0,60.0,98.0,5.0,17.0,0.0,15.0,20241102_福島_結果_9,9
6,牝4,10.6,53,2 先,19.0,0.0,79.0,100.0,26.0,15.0,222.0,25.0,20241102_福島_結果_10,10
9,牡5,5.2,56,2 先,19.0,0.0,49.0,110.0,20.0,24.0,376.0,30.0,20241102_福島_結果_10,10
3,牡4,11.9,55,1 逃,14.0,20.0,63.0,120.0,21.0,14.0,176.0,15.0,20241102_福島_結果_10,10
1,牡4,4.9,57,3 差,22.0,55.0,100.0,110.0,41.0,12.0,280.0,20.0,20241102_福島_結果_10,10
14,牝4,6.5,54,3 差,5.0,0.0,96.0,107.0,22.0,18.0,391.0,15.0,20241102_福島_結果_10,10
4,牡4,13.7,55,3 差,5.0,0.0,42.0,91.0,11.0,18.0,0.0,15.0,20241102_福島_結果_10,10
15,牡5,58.9,55,2 先,16.0,0.0,83.0,96.0,10.0,28.0,46.0,25.0,20241102_福島_結果_10,10
13,牡7,48.4,55,3 差,18.0,0.0,59.0,94.0,20.0,29.0,31.0,30.0,20241102_福島_結果_10,10
7,牡8,99.6,53,3 差,5.0,0.0,85.0,105.0,10.0,48.0,140.0,15.0,20241102_福島_結果_10,10
5,牡3,4.7,55,3 差,53.0,100.0,85.0,116.0,28.0,7.0,371.0,10.0,20241102_福島_結果_10,10
11,牝5,70.8,52,4 追,14.0,0.0,55.0,105.0,13.0,15.0,31.0,20.0,20241102_福島_結果_10,10
8,牡4,189.4,54,2 先,14.0,0.0,32.0,103.0,8.0,25.0,0.0,10.0,20241102_福島_結果_10,10
2,牡5,26.5,54,2 先,16.0,0.0,26.0,112.0,19.0,26.0,31.0,25.0,20241102_福島_結果_10,10
10,牡5,22.5,56,4 追,5.0,0.0,58.0,87.0,25.0,27.0,582.0,10.0,20241102_福島_結果_10,10
12,牡5,27.4,55,3 差,14.0,0.0,82.0,109.0,33.0,18.0,0.0,15.0,20241102_福島_結果_10,10
16,牡3,16.7,54,2 先,18.0,0.0,23.0,108.0,30.0,13.0,309.0,30.0,20241102_福島_結果_10,10
2,牝4,3.7,56,1 逃,21.0,60.0,62.0,108.0,42.0,14.0,512.0,20.0,20241102_福島_結果_11,11
1,牝4,20.3,56,2 先,27.0,35.0,6.0,121.0,30.0,10.0,318.0,30.0,20241102_福島_結果_11,11
16,牝4,12.0,56,3 差,28.0,80.0,34.0,98.0,26.0,15.0,316.0,25.0,20241102_福島_結果_11,11
8,牝6,5.9,56,3 差,18.0,65.0,100.0,126.0,30.0,23.0,186.0,15.0,20241102_福島_結果_11,11
4,牡3,9.8,57,2 先,14.0,40.0,91.0,120.0,37.0,8.0,585.0,15.0,20241102_福島_結果_11,11
11,牡6,25.3,58,3 差,22.0,80.0,50.0,122.0,22.0,35.0,92.0,15.0,20241102_福島_結果_11,11
13,牡4,16.6,58,3 差,20.0,40.0,0.0,114.0,30.0,10.0,410.0,25.0,20241102_福島_結果_11,11
6,牡6,35.8,58,4 追,17.0,50.0,51.0,130.0,19.0,36.0,408.0,15.0,20241102_福島_結果_11,11
5,牡5,24.3,58,3 差,23.0,80.0,35.0,130.0,34.0,23.0,377.0,20.0,20241102_福島_結果_11,11
7,牡7,74.1,58,2 先,16.0,30.0,48.0,116.0,15.0,26.0,36.0,10.0,20241102_福島_結果_11,11
3,牡4,192.6,58,3 差,30.0,0.0,0.0,88.0,33.0,24.0,23.0,30.0,20241102_福島_結果_11,11
14,牝5,144.5,56,4 追,18.0,40.0,95.0,105.0,23.0,17.0,347.0,20.0,20241102_福島_結果_11,11
9,牝4,5.9,56,2 先,25.0,50.0,26.0,125.0,33.0,15.0,467.0,30.0,20241102_福島_結果_11,11
10,牝5,5.1,56,2 先,28.0,80.0,60.0,111.0,14.0,21.0,92.0,25.0,20241102_福島_結果_11,11
15,セ6,41.0,58,4 追,48.0,100.0,70.0,126.0,22.0,27.0,112.0,15.0,20241102_福島_結果_11,11
12,牝5,180.2,56,3 差,17.0,60.0,92.0,110.0,25.0,20.0,314.0,15.0,20241102_福島_結果_11,11
3,牝4,2.6,55,3 差,16.0,60.0,38.0,112.0,30.0,10.0,152.0,10.0,20241102_福島_結果_12,12
11,セ4,105.1,57,4 追,31.0,65.0,52.0,95.0,10.0,10.0,0.0,30.0,20241102_福島_結果_12,12
2,牝4,52.9,55,1 逃,10.0,35.0,40.0,91.0,23.0,13.0,0.0,15.0,20241102_福島_結果_12,12
5,牝4,11.8,56,3 差,28.0,80.0,0.0,0.0,55.0,9.0,33.0,25.0,20241102_福島_結果_12,12
10,牝4,8.1,56,2 先,23.0,80.0,34.0,104.0,16.0,12.0,80.0,20.0,20241102_福島_結果_12,12
12,牝4,7.0,56,3 差,48.0,100.0,20.0,87.0,20.0,25.0,120.0,15.0,20241102_福島_結果_12,12
4,セ4,21.2,55,2 先,21.0,60.0,41.0,102.0,9.0,21.0,40.0,20.0,20241102_福島_結果_12,12
9,牝3,22.0,51,1 逃,18.0,35.0,2.0,70.0,33.0,6.0,178.0,25.0,20241102_福島_結果_12,12
13,牝6,24.8,56,3 差,26.0,75.0,38.0,105.0,18.0,32.0,40.0,25.0,20241102_福島_結果_12,12
1,牡4,33.7,58,4 追,8.0,15.0,32.0,89.0,25.0,4.0,175.0,10.0,20241102_福島_結果_12,12
8,牝4,32.3,53,2 先,16.0,25.0,76.0,89.0,20.0,27.0,64.0,20.0,20241102_福島_結果_12,12
16,牝3,33.3,55,2 先,31.0,90.0,13.0,98.0,12.0,8.0,110.0,25.0,20241102_福島_結果_12,12
15,牡4,4.1,58,3 差,34.0,55.0,50.0,120.0,30.0,14.0,399.0,45.0,20241102_福島_結果_12,12
14,牝3,35.4,55,3 差,34.0,90.0,32.0,113.0,14.0,7.0,50.0,30.0,20241102_福島_結果_12,12
6,牡4,174.3,54,4 追,11.0,15.0,100.0,65.0,37.0,18.0,10.0,10.0,20241102_福島_結果_12,12
7,牝3,211.6,52,2 先,8.0,0.0,0.0,83.0,28.0,7.0,18.0,5.0,20241102_福島_結果_12,12
