券種,買い目,odds,id
3連複,5-6-9,2550,20130303_小倉_結果_1
3連複,3-10-14,910,20130303_小倉_結果_2
3連複,5-13-15,9540,20130303_小倉_結果_3
3連複,3-6-10,162560,20130303_小倉_結果_4
3連複,1-4-7,4020,20130303_小倉_結果_5
3連複,2-3-6,18940,20130303_小倉_結果_6
3連複,8-10-13,129890,20130303_小倉_結果_7
3連複,7-12-16,8100,20130303_小倉_結果_8
3連複,2-3-4,42430,20130303_小倉_結果_9
3連複,6-7-15,12980,20130303_小倉_結果_10
3連複,13-14-16,8080,20130303_小倉_結果_11
3連複,3-4-11,6020,20130303_小倉_結果_12
3連複,1-2-11,3350,20230723_福島_結果_1
3連複,2-6-10,5590,20230723_福島_結果_2
3連複,3-8-14,7250,20230723_福島_結果_3
3連複,4-5-9,810,20230723_福島_結果_4
3連複,2-3-9,1660,20230723_福島_結果_5
3連複,4-7-10,20580,20230723_福島_結果_6
3連複,5-6-9,5560,20230723_福島_結果_7
3連複,1-3-12,44630,20230723_福島_結果_8
3連複,5-7-14,19680,20230723_福島_結果_9
3連複,1-4-7,82000,20230723_福島_結果_10
3連複,4-7-11,10640,20230723_福島_結果_11
3連複,4-5-10,62740,20230723_福島_結果_12
3連複,2-7-8,1020,20230729_新潟_結果_1
3連複,3-13-18,53300,20230729_新潟_結果_2
3連複,2-7-15,3990,20230729_新潟_結果_3
3連複,2-8-11,6810,20230729_新潟_結果_4
3連複,1-2-6,3900,20230729_新潟_結果_5
3連複,3-4-7,940,20230729_新潟_結果_6
3連複,13-15-16,3260,20230729_新潟_結果_7
3連複,6-10-14,4350,20230729_新潟_結果_8
3連複,2-4-8,1920,20230729_新潟_結果_9
3連複,7-10-15,3870,20230729_新潟_結果_10
3連複,7-13-16,10140,20230729_新潟_結果_11
3連複,3-10-14,22800,20230729_新潟_結果_12
3連複,4-6-7,3490,20230729_札幌_結果_1
3連複,7-10-13,26090,20230729_札幌_結果_2
3連複,2-5-6,2470,20230729_札幌_結果_3
3連複,3-6-9,3930,20230729_札幌_結果_4
3連複,2-8-10,32170,20230729_札幌_結果_5
3連複,5-8-11,1510,20230729_札幌_結果_6
3連複,3-6-13,1860,20230729_札幌_結果_7
3連複,2-6-13,4490,20230729_札幌_結果_8
3連複,2-5-13,5460,20230729_札幌_結果_9
3連複,2-3-6,1040,20230729_札幌_結果_10
3連複,1-11-12,20960,20230729_札幌_結果_11
3連複,1-3-6,13570,20230729_札幌_結果_12
3連複,3-4-6,2490,20230730_新潟_結果_1
3連複,4-6-8,900,20230730_新潟_結果_2
3連複,2-12-13,298040,20230730_新潟_結果_3
3連複,2-8-13,3470,20230730_新潟_結果_4
3連複,6-8-9,2060,20230730_新潟_結果_5
3連複,2-9-12,7060,20230730_新潟_結果_6
3連複,7-11-14,3580,20230730_新潟_結果_7
3連複,2-10-13,3970,20230730_新潟_結果_8
3連複,1-10-13,2430,20230730_新潟_結果_9
3連複,4-14-16,27580,20230730_新潟_結果_10
3連複,2-3-10,110120,20230730_新潟_結果_11
3連複,1-3-15,11800,20230730_新潟_結果_12
3連複,1-6-11,27670,20230730_札幌_結果_1
3連複,2-6-10,2340,20230730_札幌_結果_2
3連複,1-6-9,28640,20230730_札幌_結果_3
3連複,6-9-13,24010,20230730_札幌_結果_3
3連複,10-11-16,9740,20230730_札幌_結果_4
3連複,9-10-11,2690,20230730_札幌_結果_5
3連複,1-10-13,3710,20230730_札幌_結果_6
3連複,2-9-11,120360,20230730_札幌_結果_7
3連複,5-6-11,22530,20230730_札幌_結果_8
3連複,4-7-11,1890,20230730_札幌_結果_9
3連複,5-9-10,11720,20230730_札幌_結果_10
3連複,1-2-7,8920,20230730_札幌_結果_11
3連複,6-9-12,7340,20230730_札幌_結果_12
3連複,2-4-11,3210,20230805_新潟_結果_1
3連複,3-7-9,2240,20230805_新潟_結果_2
3連複,7-9-18,91170,20230805_新潟_結果_3
3連複,3-6-13,2730,20230805_新潟_結果_4
3連複,3-5-6,4310,20230805_新潟_結果_5
3連複,7-8-12,590,20230805_新潟_結果_6
3連複,10-13-14,11740,20230805_新潟_結果_7
3連複,1-13-14,8360,20230805_新潟_結果_8
3連複,1-3-10,1250,20230805_新潟_結果_9
3連複,1-3-14,4830,20230805_新潟_結果_10
3連複,4-7-13,5720,20230805_新潟_結果_11
3連複,2-6-12,1060,20230805_新潟_結果_12
3連複,9-10-11,8110,20230805_札幌_結果_1
3連複,4-5-7,11500,20230805_札幌_結果_2
3連複,2-10-13,53440,20230805_札幌_結果_3
3連複,5-7-8,38380,20230805_札幌_結果_4
3連複,4-6-7,2480,20230805_札幌_結果_5
3連複,1-14-15,7910,20230805_札幌_結果_6
3連複,3-6-10,9170,20230805_札幌_結果_7
3連複,2-10-13,820,20230805_札幌_結果_8
3連複,1-3-6,4090,20230805_札幌_結果_9
3連複,7-10-12,51310,20230805_札幌_結果_10
3連複,6-7-14,4330,20230805_札幌_結果_11
3連複,1-5-10,79000,20230805_札幌_結果_12
3連複,6-7-11,3400,20230806_新潟_結果_1
3連複,2-5-6,3470,20230806_新潟_結果_2
3連複,1-2-4,10720,20230806_新潟_結果_3
3連複,2-11-12,1020,20230806_新潟_結果_4
3連複,2-5-6,11490,20230806_新潟_結果_5
3連複,4-9-12,4790,20230806_新潟_結果_6
3連複,2-8-9,1240,20230806_新潟_結果_7
3連複,5-7-8,300,20230806_新潟_結果_8
3連複,10-13-15,1970,20230806_新潟_結果_9
3連複,2-15-16,9080,20230806_新潟_結果_10
3連複,5-6-11,20790,20230806_新潟_結果_11
3連複,3-7-10,4030,20230806_新潟_結果_12
3連複,5-13-14,14530,20230806_札幌_結果_1
3連複,6-9-13,4380,20230806_札幌_結果_2
3連複,4-8-9,8040,20230806_札幌_結果_3
3連複,3-13-14,18780,20230806_札幌_結果_4
3連複,2-4-7,340,20230806_札幌_結果_5
3連複,5-10-12,18780,20230806_札幌_結果_6
3連複,5-6-12,206620,20230806_札幌_結果_7
3連複,8-10-11,8360,20230806_札幌_結果_8
3連複,1-3-7,1750,20230806_札幌_結果_9
3連複,2-4-8,11730,20230806_札幌_結果_10
3連複,4-6-8,30680,20230806_札幌_結果_11
3連複,2-9-14,9080,20230806_札幌_結果_12
3連複,6-10-12,14320,20230812_小倉_結果_1
3連複,5-7-8,420,20230812_小倉_結果_2
3連複,2-6-14,700,20230812_小倉_結果_3
3連複,1-4-8,670,20230812_小倉_結果_4
3連複,1-10-14,12430,20230812_小倉_結果_5
3連複,3-4-12,29760,20230812_小倉_結果_6
3連複,11-13-14,8470,20230812_小倉_結果_7
3連複,4-10-13,4740,20230812_小倉_結果_8
3連複,5-6-11,11770,20230812_小倉_結果_9
3連複,5-7-9,750,20230812_小倉_結果_10
3連複,4-6-13,375260,20230812_小倉_結果_11
3連複,1-8-18,112310,20230812_小倉_結果_12
3連複,7-9-15,9160,20230812_新潟_結果_1
3連複,1-6-10,1240,20230812_新潟_結果_2
3連複,3-14-15,34410,20230812_新潟_結果_3
3連複,1-10-11,105600,20230812_新潟_結果_4
3連複,2-4-6,1400,20230812_新潟_結果_5
3連複,6-8-11,32610,20230812_新潟_結果_6
3連複,15-17-18,10070,20230812_新潟_結果_7
3連複,4-9-15,28070,20230812_新潟_結果_8
3連複,1-3-11,6170,20230812_新潟_結果_9
3連複,2-5-17,189000,20230812_新潟_結果_10
3連複,5-10-14,32250,20230812_新潟_結果_11
3連複,5-8-15,3630,20230812_新潟_結果_12
3連複,1-4-8,1380,20230812_札幌_結果_1
3連複,3-12-13,7820,20230812_札幌_結果_2
3連複,5-11-12,3140,20230812_札幌_結果_3
3連複,8-13-14,2110,20230812_札幌_結果_4
3連複,1-4-7,2840,20230812_札幌_結果_5
3連複,2-8-12,258370,20230812_札幌_結果_6
3連複,1-8-10,10600,20230812_札幌_結果_7
3連複,5-10-12,44360,20230812_札幌_結果_8
3連複,2-5-8,920,20230812_札幌_結果_9
3連複,1-7-10,4840,20230812_札幌_結果_10
3連複,4-5-14,17500,20230812_札幌_結果_11
3連複,3-6-11,1600,20230812_札幌_結果_12
3連複,6-11-16,4890,20230812_札幌_結果_12
3連複,1-5-8,340,20230813_小倉_結果_1
3連複,2-7-15,87150,20230813_小倉_結果_2
3連複,8-11-12,3510,20230813_小倉_結果_3
3連複,7-13-15,11130,20230813_小倉_結果_4
3連複,2-13-14,2180,20230813_小倉_結果_5
3連複,1-3-11,3230,20230813_小倉_結果_6
3連複,1-12-13,337690,20230813_小倉_結果_7
3連複,2-4-9,2130,20230813_小倉_結果_8
3連複,2-4-9,1980,20230813_小倉_結果_9
3連複,5-9-12,30450,20230813_小倉_結果_10
3連複,2-3-7,5940,20230813_小倉_結果_11
3連複,1-2-3,32570,20230813_小倉_結果_12
3連複,2-9-12,82970,20230813_新潟_結果_1
3連複,6-9-12,10570,20230813_新潟_結果_2
3連複,4-7-18,1530,20230813_新潟_結果_3
3連複,10-12-15,61530,20230813_新潟_結果_4
3連複,1-3-10,21760,20230813_新潟_結果_5
3連複,10-11-12,171260,20230813_新潟_結果_6
3連複,6-12-16,16190,20230813_新潟_結果_7
3連複,2-7-9,7120,20230813_新潟_結果_8
3連複,1-12-13,16160,20230813_新潟_結果_9
3連複,1-2-6,2110,20230813_新潟_結果_10
3連複,1-2-16,7990,20230813_新潟_結果_11
3連複,7-8-11,25010,20230813_新潟_結果_12
3連複,1-2-3,1990,20230813_札幌_結果_1
3連複,7-10-12,26020,20230813_札幌_結果_2
3連複,8-9-14,6260,20230813_札幌_結果_3
3連複,3-9-10,17840,20230813_札幌_結果_4
3連複,1-6-8,1250,20230813_札幌_結果_5
3連複,9-11-14,750,20230813_札幌_結果_6
3連複,3-12-13,4410,20230813_札幌_結果_7
3連複,1-4-8,380,20230813_札幌_結果_8
3連複,6-8-9,3210,20230813_札幌_結果_9
3連複,1-4-5,5060,20230813_札幌_結果_10
3連複,7-9-15,26410,20230813_札幌_結果_11
3連複,8-11-13,2080,20230813_札幌_結果_12
3連複,2-16-17,10520,20230819_小倉_結果_1
3連複,2-3-12,1370,20230819_小倉_結果_2
3連複,6-8-12,4940,20230819_小倉_結果_3
3連複,1-8-14,4140,20230819_小倉_結果_4
3連複,5-8-11,18140,20230819_小倉_結果_5
3連複,11-12-16,11620,20230819_小倉_結果_6
3連複,2-3-5,1820,20230819_小倉_結果_7
3連複,2-5-11,6530,20230819_小倉_結果_8
3連複,3-5-9,21170,20230819_小倉_結果_9
3連複,4-5-6,520,20230819_小倉_結果_10
3連複,1-9-11,10600,20230819_小倉_結果_11
3連複,7-13-15,37350,20230819_小倉_結果_12
3連複,3-4-8,54310,20230819_新潟_結果_1
3連複,5-13-14,10160,20230819_新潟_結果_2
3連複,9-13-14,12940,20230819_新潟_結果_3
3連複,1-6-7,5020,20230819_新潟_結果_4
3連複,13-14-15,2220,20230819_新潟_結果_5
3連複,2-12-16,32130,20230819_新潟_結果_6
3連複,5-10-13,5590,20230819_新潟_結果_7
3連複,3-6-8,8330,20230819_新潟_結果_8
3連複,9-11-14,8620,20230819_新潟_結果_9
3連複,4-10-15,12490,20230819_新潟_結果_10
3連複,3-4-7,4550,20230819_新潟_結果_11
3連複,7-8-14,1600,20230819_新潟_結果_12
3連複,2-9-11,260,20230819_札幌_結果_1
3連複,1-4-11,3750,20230819_札幌_結果_2
3連複,1-7-13,2770,20230819_札幌_結果_3
3連複,1-11-12,5190,20230819_札幌_結果_4
3連複,8-9-11,830,20230819_札幌_結果_5
3連複,3-6-14,5100,20230819_札幌_結果_6
3連複,2-6-16,56950,20230819_札幌_結果_7
3連複,1-6-10,1980,20230819_札幌_結果_8
3連複,2-11-14,5100,20230819_札幌_結果_9
3連複,2-4-16,2410,20230819_札幌_結果_10
3連複,5-8-11,1930,20230819_札幌_結果_11
3連複,6-9-12,2810,20230819_札幌_結果_12
3連複,1-7-9,630,20230820_小倉_結果_1
3連複,1-4-5,270,20230820_小倉_結果_2
3連複,5-9-13,14660,20230820_小倉_結果_3
3連複,9-13-16,21660,20230820_小倉_結果_4
3連複,1-13-16,9410,20230820_小倉_結果_5
3連複,2-3-4,4560,20230820_小倉_結果_6
3連複,1-11-14,8880,20230820_小倉_結果_7
3連複,3-5-7,2750,20230820_小倉_結果_8
3連複,5-11-15,32790,20230820_小倉_結果_9
3連複,3-7-9,26130,20230820_小倉_結果_10
3連複,1-9-15,16910,20230820_小倉_結果_11
3連複,3-5-12,1880,20230820_小倉_結果_12
3連複,3-4-7,870,20230820_新潟_結果_1
3連複,2-6-8,2000,20230820_新潟_結果_2
3連複,4-5-9,3460,20230820_新潟_結果_3
3連複,4-10-14,117590,20230820_新潟_結果_4
3連複,4-7-15,6170,20230820_新潟_結果_5
3連複,11-12-18,2160,20230820_新潟_結果_6
3連複,4-13-18,155380,20230820_新潟_結果_7
3連複,10-11-12,20530,20230820_新潟_結果_8
3連複,7-14-17,16190,20230820_新潟_結果_9
3連複,1-7-15,8710,20230820_新潟_結果_10
3連複,4-7-12,7070,20230820_新潟_結果_11
3連複,3-10-15,35110,20230820_新潟_結果_12
3連複,1-4-8,3270,20230820_札幌_結果_1
3連複,7-9-12,4390,20230820_札幌_結果_2
3連複,3-10-13,2150,20230820_札幌_結果_3
3連複,3-10-13,4340,20230820_札幌_結果_4
3連複,2-4-9,1170,20230820_札幌_結果_5
3連複,4-5-6,1550,20230820_札幌_結果_6
3連複,10-12-14,1440600,20230820_札幌_結果_7
3連複,4-7-8,9820,20230820_札幌_結果_8
3連複,1-7-10,1510,20230820_札幌_結果_9
3連複,2-6-13,16540,20230820_札幌_結果_10
3連複,1-10-13,28200,20230820_札幌_結果_11
3連複,8-9-13,6640,20230820_札幌_結果_12
3連複,2-4-6,1470,20230826_小倉_結果_1
3連複,4-10-12,465960,20230826_小倉_結果_2
3連複,1-2-8,3140,20230826_小倉_結果_3
3連複,4-5-8,10000,20230826_小倉_結果_4
3連複,8-9-11,5820,20230826_小倉_結果_5
3連複,4-8-10,21650,20230826_小倉_結果_6
3連複,13-15-16,3160,20230826_小倉_結果_7
3連複,6-8-13,7610,20230826_小倉_結果_8
3連複,4-8-16,400,20230826_小倉_結果_9
3連複,5-6-8,46680,20230826_小倉_結果_10
3連複,4-7-8,120820,20230826_小倉_結果_11
3連複,3-6-12,2890,20230826_小倉_結果_12
3連複,3-6-8,215810,20230826_新潟_結果_1
3連複,1-4-15,1370,20230826_新潟_結果_2
3連複,3-9-10,70740,20230826_新潟_結果_3
3連複,1-14-15,12940,20230826_新潟_結果_4
3連複,2-3-11,11920,20230826_新潟_結果_5
3連複,5-9-17,10640,20230826_新潟_結果_6
3連複,4-7-15,3900,20230826_新潟_結果_7
3連複,1-5-11,860,20230826_新潟_結果_8
3連複,3-7-10,40370,20230826_新潟_結果_9
3連複,1-6-8,18040,20230826_新潟_結果_10
3連複,4-7-12,16790,20230826_新潟_結果_11
3連複,1-4-10,10590,20230826_新潟_結果_12
3連複,3-4-6,2460,20230826_札幌_結果_1
3連複,3-4-5,1110,20230826_札幌_結果_2
3連複,6-10-12,8500,20230826_札幌_結果_3
3連複,1-7-11,11080,20230826_札幌_結果_4
3連複,2-5-10,3450,20230826_札幌_結果_5
3連複,2-9-12,11250,20230826_札幌_結果_6
3連複,3-6-11,5130,20230826_札幌_結果_7
3連複,4-5-14,1730,20230826_札幌_結果_8
3連複,1-8-9,26430,20230826_札幌_結果_9
3連複,4-10-14,18270,20230826_札幌_結果_10
3連複,7-8-10,25180,20230826_札幌_結果_11
3連複,4-10-12,2660,20230826_札幌_結果_12
3連複,1-2-11,4510,20230827_小倉_結果_1
3連複,8-9-10,1280,20230827_小倉_結果_2
3連複,8-10-16,3400,20230827_小倉_結果_3
3連複,2-9-10,23300,20230827_小倉_結果_4
3連複,2-3-8,12820,20230827_小倉_結果_5
3連複,5-14-17,8180,20230827_小倉_結果_6
3連複,4-5-9,8040,20230827_小倉_結果_7
3連複,4-7-11,10210,20230827_小倉_結果_8
3連複,2-10-11,6000,20230827_小倉_結果_9
3連複,4-5-12,45740,20230827_小倉_結果_10
3連複,2-4-10,10750,20230827_小倉_結果_11
3連複,1-9-11,10360,20230827_小倉_結果_12
3連複,3-9-13,940,20230827_新潟_結果_1
3連複,11-12-13,32260,20230827_新潟_結果_2
3連複,3-5-8,1090,20230827_新潟_結果_3
3連複,7-8-15,1580,20230827_新潟_結果_4
3連複,3-5-6,31920,20230827_新潟_結果_5
3連複,6-9-14,10290,20230827_新潟_結果_6
3連複,2-5-8,810,20230827_新潟_結果_7
3連複,7-10-11,12200,20230827_新潟_結果_8
3連複,9-13-15,7270,20230827_新潟_結果_9
3連複,5-9-14,2100,20230827_新潟_結果_10
3連複,6-11-12,27870,20230827_新潟_結果_11
3連複,3-7-11,20670,20230827_新潟_結果_12
3連複,3-7-9,1120,20230827_札幌_結果_1
3連複,4-7-12,3610,20230827_札幌_結果_2
3連複,4-6-10,800,20230827_札幌_結果_3
3連複,5-9-10,59320,20230827_札幌_結果_4
3連複,3-4-5,120,20230827_札幌_結果_5
3連複,1-6-12,19460,20230827_札幌_結果_6
3連複,1-4-10,21720,20230827_札幌_結果_7
3連複,8-10-14,2170,20230827_札幌_結果_8
3連複,9-13-15,14520,20230827_札幌_結果_9
3連複,3-12-14,11050,20230827_札幌_結果_10
3連複,8-12-14,6150,20230827_札幌_結果_11
3連複,1-7-13,78290,20230827_札幌_結果_12
3連複,1-2-7,8770,20230902_小倉_結果_1
3連複,6-7-11,2290,20230902_小倉_結果_2
3連複,4-6-12,38390,20230902_小倉_結果_3
3連複,3-7-16,18440,20230902_小倉_結果_4
3連複,6-11-13,4990,20230902_小倉_結果_5
3連複,1-4-9,19670,20230902_小倉_結果_6
3連複,1-10-14,5180,20230902_小倉_結果_7
3連複,5-6-10,3570,20230902_小倉_結果_8
3連複,1-3-11,401800,20230902_小倉_結果_9
3連複,1-2-6,2730,20230902_小倉_結果_10
3連複,5-11-13,61990,20230902_小倉_結果_11
3連複,4-13-16,14530,20230902_小倉_結果_12
3連複,2-4-12,1450,20230902_新潟_結果_1
3連複,5-8-9,32390,20230902_新潟_結果_2
3連複,5-8-14,18710,20230902_新潟_結果_3
3連複,3-4-5,380,20230902_新潟_結果_4
3連複,1-5-6,13250,20230902_新潟_結果_5
3連複,5-6-9,185300,20230902_新潟_結果_6
3連複,4-8-14,3310,20230902_新潟_結果_7
3連複,9-12-14,7440,20230902_新潟_結果_8
3連複,1-2-6,1210,20230902_新潟_結果_9
3連複,1-3-5,340,20230902_新潟_結果_10
3連複,6-12-14,170220,20230902_新潟_結果_11
3連複,13-15-18,26210,20230902_新潟_結果_12
3連複,1-3-5,2550,20230902_札幌_結果_1
3連複,2-6-7,1550,20230902_札幌_結果_2
3連複,5-12-13,12760,20230902_札幌_結果_3
3連複,1-11-13,47290,20230902_札幌_結果_4
3連複,3-8-13,13610,20230902_札幌_結果_5
3連複,2-9-11,760,20230902_札幌_結果_6
3連複,2-4-5,23610,20230902_札幌_結果_7
3連複,4-5-14,1960,20230902_札幌_結果_8
3連複,7-8-14,22690,20230902_札幌_結果_9
3連複,3-9-14,22280,20230902_札幌_結果_10
3連複,4-7-8,2370,20230902_札幌_結果_11
3連複,1-11-14,9330,20230902_札幌_結果_12
3連複,1-3-8,3030,20230903_小倉_結果_1
3連複,5-8-11,2600,20230903_小倉_結果_2
3連複,4-6-9,191200,20230903_小倉_結果_3
3連複,2-10-18,18650,20230903_小倉_結果_4
3連複,8-12-13,2860,20230903_小倉_結果_5
3連複,7-14-15,5970,20230903_小倉_結果_6
3連複,15-17-18,10970,20230903_小倉_結果_7
3連複,3-4-10,8280,20230903_小倉_結果_8
3連複,12-14-17,130230,20230903_小倉_結果_9
3連複,5-9-12,4500,20230903_小倉_結果_10
3連複,5-9-10,3000,20230903_小倉_結果_11
3連複,6-8-11,1590,20230903_小倉_結果_12
3連複,2-14-15,109320,20230903_新潟_結果_1
3連複,1-6-12,2830,20230903_新潟_結果_2
3連複,2-4-7,11800,20230903_新潟_結果_3
3連複,1-6-13,93110,20230903_新潟_結果_4
3連複,7-9-11,950,20230903_新潟_結果_5
3連複,5-7-17,10700,20230903_新潟_結果_6
3連複,4-8-10,3270,20230903_新潟_結果_7
3連複,2-12-15,1980,20230903_新潟_結果_8
3連複,5-8-9,19740,20230903_新潟_結果_9
3連複,2-3-6,8030,20230903_新潟_結果_10
3連複,3-8-9,61230,20230903_新潟_結果_11
3連複,4-9-16,31770,20230903_新潟_結果_12
3連複,4-5-11,650,20230903_札幌_結果_1
3連複,1-2-3,4730,20230903_札幌_結果_2
3連複,4-6-8,6250,20230903_札幌_結果_3
3連複,2-4-11,2050,20230903_札幌_結果_4
3連複,7-10-11,29620,20230903_札幌_結果_5
3連複,8-12-14,25380,20230903_札幌_結果_6
3連複,1-6-13,14840,20230903_札幌_結果_7
3連複,5-8-12,4520,20230903_札幌_結果_8
3連複,3-6-11,1420,20230903_札幌_結果_9
3連複,3-9-11,4370,20230903_札幌_結果_10
3連複,2-12-14,34850,20230903_札幌_結果_11
3連複,1-2-8,87610,20230903_札幌_結果_12
3連複,2-5-10,3840,20230909_中山_結果_1
3連複,3-5-10,970,20230909_中山_結果_2
3連複,1-2-6,25550,20230909_中山_結果_3
3連複,5-10-12,12170,20230909_中山_結果_4
3連複,3-9-10,1840,20230909_中山_結果_5
3連複,6-10-12,72970,20230909_中山_結果_6
3連複,2-5-9,7950,20230909_中山_結果_7
3連複,5-6-7,610,20230909_中山_結果_8
3連複,3-6-8,1800,20230909_中山_結果_9
3連複,6-7-9,6360,20230909_中山_結果_10
3連複,2-3-13,20410,20230909_中山_結果_11
3連複,1-4-5,9820,20230909_中山_結果_12
3連複,7-8-9,5870,20230909_阪神_結果_1
3連複,2-6-8,720,20230909_阪神_結果_2
3連複,5-6-7,1240,20230909_阪神_結果_3
3連複,3-4-11,3720,20230909_阪神_結果_4
3連複,1-2-3,170,20230909_阪神_結果_5
3連複,5-7-13,1780,20230909_阪神_結果_6
3連複,2-4-9,3250,20230909_阪神_結果_7
3連複,2-3-8,6070,20230909_阪神_結果_8
3連複,1-2-7,760,20230909_阪神_結果_9
3連複,5-9-13,17350,20230909_阪神_結果_10
3連複,2-5-8,1750,20230909_阪神_結果_11
3連複,4-9-15,98890,20230909_阪神_結果_12
3連複,9-10-16,8410,20230910_中山_結果_1
3連複,1-3-10,6560,20230910_中山_結果_2
3連複,12-15-16,65480,20230910_中山_結果_3
3連複,2-13-15,9400,20230910_中山_結果_4
3連複,6-8-11,2480,20230910_中山_結果_5
3連複,4-6-9,450,20230910_中山_結果_6
3連複,2-10-11,62840,20230910_中山_結果_7
3連複,3-4-5,2410,20230910_中山_結果_8
3連複,1-2-4,2860,20230910_中山_結果_9
3連複,1-3-6,3100,20230910_中山_結果_10
3連複,2-3-10,9260,20230910_中山_結果_11
3連複,5-9-10,2590,20230910_中山_結果_12
3連複,2-7-10,2260,20230910_阪神_結果_1
3連複,2-3-6,1300,20230910_阪神_結果_2
3連複,1-4-6,940,20230910_阪神_結果_3
3連複,5-8-10,1530,20230910_阪神_結果_4
3連複,3-4-7,5630,20230910_阪神_結果_5
3連複,2-7-11,1250,20230910_阪神_結果_6
3連複,7-11-12,2950,20230910_阪神_結果_7
3連複,1-2-3,1400,20230910_阪神_結果_8
3連複,1-6-7,1650,20230910_阪神_結果_9
3連複,6-9-11,16400,20230910_阪神_結果_10
3連複,8-11-14,93130,20230910_阪神_結果_11
3連複,3-4-10,2140,20230910_阪神_結果_12
3連複,3-11-13,5920,20230916_中山_結果_1
3連複,5-8-11,14260,20230916_中山_結果_2
3連複,2-9-10,2490,20230916_中山_結果_3
3連複,3-4-10,49860,20230916_中山_結果_4
3連複,6-7-9,390,20230916_中山_結果_5
3連複,1-9-12,25470,20230916_中山_結果_6
3連複,4-6-9,1680,20230916_中山_結果_7
3連複,3-6-8,25990,20230916_中山_結果_8
3連複,10-15-16,1860,20230916_中山_結果_9
3連複,4-7-9,1630,20230916_中山_結果_10
3連複,2-8-10,5880,20230916_中山_結果_11
3連複,4-5-8,27700,20230916_中山_結果_12
3連複,1-5-9,900,20230916_阪神_結果_1
3連複,1-10-13,3160,20230916_阪神_結果_2
3連複,4-8-9,7360,20230916_阪神_結果_3
3連複,1-6-14,32630,20230916_阪神_結果_4
3連複,2-3-6,1570,20230916_阪神_結果_5
3連複,8-9-10,12410,20230916_阪神_結果_6
3連複,5-7-10,2380,20230916_阪神_結果_7
3連複,1-2-11,2760,20230916_阪神_結果_8
3連複,4-5-6,1480,20230916_阪神_結果_9
3連複,5-10-13,61060,20230916_阪神_結果_10
3連複,1-6-9,13960,20230916_阪神_結果_11
3連複,5-6-13,720,20230916_阪神_結果_12
3連複,6-7-8,4500,20230917_中山_結果_1
3連複,1-2-7,1030,20230917_中山_結果_2
3連複,4-7-8,760,20230917_中山_結果_3
3連複,3-5-13,4990,20230917_中山_結果_4
3連複,2-11-13,3470,20230917_中山_結果_5
3連複,2-6-12,1990,20230917_中山_結果_6
3連複,2-6-7,20840,20230917_中山_結果_7
3連複,1-2-5,4770,20230917_中山_結果_8
3連複,2-4-8,111790,20230917_中山_結果_9
3連複,2-5-6,13600,20230917_中山_結果_10
3連複,4-6-12,1460,20230917_中山_結果_11
3連複,6-7-15,8620,20230917_中山_結果_12
3連複,2-4-7,760,20230917_阪神_結果_1
3連複,5-7-10,9680,20230917_阪神_結果_2
3連複,1-2-7,3080,20230917_阪神_結果_3
3連複,2-3-4,600,20230917_阪神_結果_4
3連複,2-4-7,1660,20230917_阪神_結果_5
3連複,4-9-10,15890,20230917_阪神_結果_6
3連複,11-12-13,17330,20230917_阪神_結果_7
3連複,3-7-8,336870,20230917_阪神_結果_8
3連複,3-4-7,4410,20230917_阪神_結果_9
3連複,2-6-8,3090,20230917_阪神_結果_10
3連複,5-10-12,8450,20230917_阪神_結果_11
3連複,5-12-16,4110,20230917_阪神_結果_12
3連複,1-2-8,950,20230918_中山_結果_1
3連複,3-6-14,9200,20230918_中山_結果_2
3連複,7-9-10,1480,20230918_中山_結果_3
3連複,2-6-8,2150,20230918_中山_結果_4
3連複,1-8-11,6870,20230918_中山_結果_5
3連複,2-5-7,910,20230918_中山_結果_6
3連複,9-11-12,79250,20230918_中山_結果_7
3連複,3-8-9,530,20230918_中山_結果_8
3連複,5-15-16,35990,20230918_中山_結果_9
3連複,6-9-10,2620,20230918_中山_結果_10
3連複,4-6-14,860,20230918_中山_結果_11
3連複,4-9-16,12620,20230918_中山_結果_12
3連複,3-10-11,13720,20230918_阪神_結果_1
3連複,1-2-5,2560,20230918_阪神_結果_2
3連複,3-5-11,1950,20230918_阪神_結果_3
3連複,1-5-7,5330,20230918_阪神_結果_4
3連複,1-5-6,1270,20230918_阪神_結果_5
3連複,10-12-16,11230,20230918_阪神_結果_6
3連複,1-6-10,650,20230918_阪神_結果_7
3連複,7-8-13,3190,20230918_阪神_結果_8
3連複,3-5-13,28140,20230918_阪神_結果_9
3連複,2-6-8,1790,20230918_阪神_結果_10
3連複,9-10-12,13700,20230918_阪神_結果_11
3連複,9-10-13,9580,20230918_阪神_結果_12
3連複,1-4-12,2010,20230923_中山_結果_1
3連複,7-11-15,18660,20230923_中山_結果_2
3連複,1-9-14,50570,20230923_中山_結果_3
3連複,3-6-14,66340,20230923_中山_結果_4
3連複,1-12-15,13480,20230923_中山_結果_5
3連複,4-5-10,4800,20230923_中山_結果_6
3連複,3-4-5,5590,20230923_中山_結果_7
3連複,2-5-7,1230,20230923_中山_結果_8
3連複,3-6-8,4380,20230923_中山_結果_9
3連複,3-6-9,1380,20230923_中山_結果_10
3連複,5-9-11,1000,20230923_中山_結果_11
3連複,5-12-16,1010,20230923_中山_結果_12
3連複,1-10-12,5890,20230923_阪神_結果_1
3連複,1-7-8,860,20230923_阪神_結果_2
3連複,5-6-9,13530,20230923_阪神_結果_3
3連複,9-10-12,125260,20230923_阪神_結果_4
3連複,8-9-13,1600,20230923_阪神_結果_5
3連複,7-9-11,3350,20230923_阪神_結果_6
3連複,3-8-12,2230,20230923_阪神_結果_7
3連複,1-3-7,2120,20230923_阪神_結果_8
3連複,7-9-16,6440,20230923_阪神_結果_9
3連複,6-8-9,1250,20230923_阪神_結果_10
3連複,12-13-14,4160,20230923_阪神_結果_11
3連複,5-9-12,6240,20230923_阪神_結果_12
3連複,2-5-7,1340,20230924_中山_結果_1
3連複,4-7-10,700,20230924_中山_結果_2
3連複,7-11-12,550,20230924_中山_結果_3
3連複,7-12-13,970,20230924_中山_結果_4
3連複,1-7-8,810,20230924_中山_結果_5
3連複,3-7-10,820,20230924_中山_結果_6
3連複,3-6-9,13390,20230924_中山_結果_7
3連複,9-11-14,2200,20230924_中山_結果_8
3連複,2-8-9,262690,20230924_中山_結果_9
3連複,2-10-13,35480,20230924_中山_結果_10
3連複,2-8-13,5380,20230924_中山_結果_11
3連複,11-14-16,8550,20230924_中山_結果_12
3連複,4-7-8,1000,20230924_阪神_結果_1
3連複,5-9-10,410,20230924_阪神_結果_2
3連複,1-6-12,5370,20230924_阪神_結果_3
3連複,1-3-8,2880,20230924_阪神_結果_4
3連複,3-4-6,880,20230924_阪神_結果_5
3連複,5-9-13,2470,20230924_阪神_結果_6
3連複,4-6-18,8320,20230924_阪神_結果_7
3連複,1-4-7,5850,20230924_阪神_結果_8
3連複,1-7-11,400,20230924_阪神_結果_9
3連複,4-6-9,143610,20230924_阪神_結果_10
3連複,3-6-7,6370,20230924_阪神_結果_11
3連複,2-4-14,4750,20230924_阪神_結果_12
3連複,4-9-11,1660,20230930_中山_結果_1
3連複,2-3-10,2770,20230930_中山_結果_2
3連複,4-14-15,11450,20230930_中山_結果_3
3連複,7-9-12,2350,20230930_中山_結果_4
3連複,4-5-15,10110,20230930_中山_結果_5
3連複,3-6-7,4030,20230930_中山_結果_6
3連複,3-9-12,2400,20230930_中山_結果_7
3連複,6-8-12,4340,20230930_中山_結果_8
3連複,3-5-7,2660,20230930_中山_結果_9
3連複,1-5-9,19160,20230930_中山_結果_10
3連複,2-3-5,60240,20230930_中山_結果_11
3連複,4-5-12,36670,20230930_中山_結果_12
3連複,1-8-9,1610,20230930_阪神_結果_1
3連複,2-5-7,220,20230930_阪神_結果_2
3連複,1-4-5,270,20230930_阪神_結果_3
3連複,5-6-7,6760,20230930_阪神_結果_4
3連複,1-3-4,3810,20230930_阪神_結果_5
3連複,5-10-11,15970,20230930_阪神_結果_6
3連複,4-7-8,2700,20230930_阪神_結果_7
3連複,7-9-13,20930,20230930_阪神_結果_8
3連複,1-2-4,1040,20230930_阪神_結果_9
3連複,1-5-15,9310,20230930_阪神_結果_10
3連複,3-7-14,2000,20230930_阪神_結果_11
3連複,11-12-14,13060,20230930_阪神_結果_12
3連複,4-12-14,11150,20231001_中山_結果_1
3連複,3-5-10,3550,20231001_中山_結果_2
3連複,1-12-13,7860,20231001_中山_結果_3
3連複,5-7-11,76290,20231001_中山_結果_4
3連複,3-4-5,2880,20231001_中山_結果_5
3連複,1-4-7,16560,20231001_中山_結果_6
3連複,1-6-13,6390,20231001_中山_結果_7
3連複,2-5-6,1630,20231001_中山_結果_8
3連複,1-10-11,14430,20231001_中山_結果_9
3連複,10-13-14,1840,20231001_中山_結果_10
3連複,1-6-10,2310,20231001_中山_結果_11
3連複,5-13-16,21200,20231001_中山_結果_12
3連複,11-12-13,21410,20231001_阪神_結果_1
3連複,7-10-11,1740,20231001_阪神_結果_2
3連複,1-10-11,1410,20231001_阪神_結果_3
3連複,2-5-11,32730,20231001_阪神_結果_4
3連複,2-5-8,1430,20231001_阪神_結果_5
3連複,2-5-12,5730,20231001_阪神_結果_6
3連複,2-4-10,2610,20231001_阪神_結果_7
3連複,4-7-8,2630,20231001_阪神_結果_8
3連複,4-7-12,860,20231001_阪神_結果_9
3連複,1-6-12,13070,20231001_阪神_結果_10
3連複,4-5-9,3140,20231001_阪神_結果_11
3連複,12-14-15,82840,20231001_阪神_結果_12
3連複,2-4-12,27910,20231007_京都_結果_1
3連複,4-13-15,13570,20231007_京都_結果_2
3連複,1-2-3,260,20231007_京都_結果_3
3連複,2-8-10,6340,20231007_京都_結果_4
3連複,7-9-18,7530,20231007_京都_結果_5
3連複,8-14-15,20350,20231007_京都_結果_6
3連複,14-15-16,86910,20231007_京都_結果_7
3連複,1-2-4,2780,20231007_京都_結果_8
3連複,2-5-9,18200,20231007_京都_結果_9
3連複,4-13-15,22650,20231007_京都_結果_10
3連複,3-6-16,19260,20231007_京都_結果_11
3連複,3-14-15,224210,20231007_京都_結果_12
3連複,3-11-14,1830,20231007_東京_結果_1
3連複,3-4-11,24530,20231007_東京_結果_2
3連複,1-13-16,2850,20231007_東京_結果_3
3連複,3-8-10,11500,20231007_東京_結果_4
3連複,4-8-11,11600,20231007_東京_結果_5
3連複,1-5-6,1790,20231007_東京_結果_6
3連複,4-11-12,2720,20231007_東京_結果_7
3連複,2-7-8,3200,20231007_東京_結果_8
3連複,4-8-12,950,20231007_東京_結果_9
3連複,5-8-12,1770,20231007_東京_結果_10
3連複,1-2-3,220,20231007_東京_結果_11
3連複,5-8-11,16920,20231007_東京_結果_12
3連複,2-7-9,28150,20231008_京都_結果_1
3連複,4-10-11,8410,20231008_京都_結果_2
3連複,9-11-16,5290,20231008_京都_結果_3
3連複,4-7-8,1560,20231008_京都_結果_4
3連複,3-6-12,6600,20231008_京都_結果_5
3連複,3-10-15,850,20231008_京都_結果_6
3連複,3-5-12,2620,20231008_京都_結果_7
3連複,4-6-17,29230,20231008_京都_結果_8
3連複,1-2-5,1990,20231008_京都_結果_9
3連複,6-10-14,13080,20231008_京都_結果_10
3連複,4-6-13,53250,20231008_京都_結果_11
3連複,3-6-12,9260,20231008_京都_結果_12
3連複,3-13-16,17230,20231008_東京_結果_1
3連複,5-8-12,460,20231008_東京_結果_2
3連複,1-3-8,1070,20231008_東京_結果_3
3連複,8-9-14,2340,20231008_東京_結果_4
3連複,5-8-12,8030,20231008_東京_結果_5
3連複,9-10-12,32280,20231008_東京_結果_6
3連複,1-8-12,3250,20231008_東京_結果_7
3連複,6-9-16,12960,20231008_東京_結果_8
3連複,3-6-8,2240,20231008_東京_結果_9
3連複,2-3-12,45130,20231008_東京_結果_10
3連複,1-6-10,1130,20231008_東京_結果_11
3連複,11-13-15,4550,20231008_東京_結果_12
3連複,2-6-10,10850,20231009_京都_結果_1
3連複,4-8-10,29050,20231009_京都_結果_2
3連複,2-6-7,3190,20231009_京都_結果_3
3連複,3-6-14,19940,20231009_京都_結果_4
3連複,3-6-9,1580,20231009_京都_結果_5
3連複,2-4-10,810,20231009_京都_結果_6
3連複,3-4-7,960,20231009_京都_結果_7
3連複,2-7-14,9530,20231009_京都_結果_8
3連複,3-4-8,1660,20231009_京都_結果_9
3連複,2-4-13,2590,20231009_京都_結果_10
3連複,4-6-7,2030,20231009_京都_結果_11
3連複,4-5-13,10400,20231009_京都_結果_12
3連複,7-11-13,1800,20231009_東京_結果_1
3連複,4-10-12,11970,20231009_東京_結果_2
3連複,1-3-4,220,20231009_東京_結果_3
3連複,1-5-9,2630,20231009_東京_結果_4
3連複,8-9-12,2310,20231009_東京_結果_5
3連複,5-6-7,3610,20231009_東京_結果_6
3連複,1-4-8,55310,20231009_東京_結果_7
3連複,3-6-7,23740,20231009_東京_結果_8
3連複,2-10-15,10170,20231009_東京_結果_9
3連複,4-5-9,5040,20231009_東京_結果_10
3連複,5-6-9,7990,20231009_東京_結果_11
3連複,5-8-12,1400,20231009_東京_結果_12
3連複,1-7-11,1490,20231014_京都_結果_1
3連複,1-2-6,1280,20231014_京都_結果_2
3連複,7-9-11,590,20231014_京都_結果_3
3連複,2-6-7,13540,20231014_京都_結果_4
3連複,2-7-10,700,20231014_京都_結果_5
3連複,2-3-10,4520,20231014_京都_結果_6
3連複,2-3-8,4600,20231014_京都_結果_7
3連複,3-4-5,260,20231014_京都_結果_8
3連複,3-6-9,15000,20231014_京都_結果_9
3連複,5-7-8,1570,20231014_京都_結果_10
3連複,3-4-12,96730,20231014_京都_結果_11
3連複,6-7-10,11390,20231014_京都_結果_12
3連複,7-9-12,9330,20231014_新潟_結果_1
3連複,5-11-12,62030,20231014_新潟_結果_2
3連複,4-5-11,13110,20231014_新潟_結果_3
3連複,1-11-12,1650,20231014_新潟_結果_4
3連複,3-4-11,12550,20231014_新潟_結果_5
3連複,7-8-11,2010,20231014_新潟_結果_6
3連複,3-6-10,22220,20231014_新潟_結果_7
3連複,4-6-10,1410,20231014_新潟_結果_8
3連複,4-5-16,3240,20231014_新潟_結果_9
3連複,2-6-9,49520,20231014_新潟_結果_10
3連複,7-9-14,62970,20231014_新潟_結果_11
3連複,1-4-9,2690,20231014_新潟_結果_12
3連複,1-4-6,3940,20231014_東京_結果_1
3連複,2-3-5,220,20231014_東京_結果_2
3連複,6-7-13,6730,20231014_東京_結果_3
3連複,2-5-9,11310,20231014_東京_結果_4
3連複,8-9-11,260,20231014_東京_結果_5
3連複,6-7-8,2510,20231014_東京_結果_6
3連複,1-2-6,1280,20231014_東京_結果_7
3連複,3-7-13,3610,20231014_東京_結果_8
3連複,6-12-13,1100,20231014_東京_結果_9
3連複,2-9-11,5520,20231014_東京_結果_10
3連複,5-7-8,13150,20231014_東京_結果_11
3連複,1-6-9,1630,20231014_東京_結果_12
3連複,3-4-6,6370,20231015_京都_結果_1
3連複,5-6-9,290,20231015_京都_結果_2
3連複,2-3-4,680,20231015_京都_結果_3
3連複,1-8-9,8910,20231015_京都_結果_4
3連複,8-10-12,1470,20231015_京都_結果_5
3連複,1-6-7,4540,20231015_京都_結果_6
3連複,6-8-9,4810,20231015_京都_結果_7
3連複,2-3-6,470,20231015_京都_結果_8
3連複,1-2-8,1340,20231015_京都_結果_9
3連複,1-4-7,590,20231015_京都_結果_10
3連複,2-6-7,1210,20231015_京都_結果_11
3連複,3-5-6,6390,20231015_京都_結果_12
3連複,1-3-8,1730,20231015_新潟_結果_1
3連複,1-4-8,6240,20231015_新潟_結果_2
3連複,1-3-4,2400,20231015_新潟_結果_3
3連複,5-8-9,1150,20231015_新潟_結果_4
3連複,3-10-17,1850,20231015_新潟_結果_5
3連複,2-7-10,5400,20231015_新潟_結果_6
3連複,11-14-16,13870,20231015_新潟_結果_7
3連複,3-6-13,35420,20231015_新潟_結果_8
3連複,3-14-16,10190,20231015_新潟_結果_9
3連複,6-12-13,890,20231015_新潟_結果_10
3連複,2-10-13,4180,20231015_新潟_結果_11
3連複,2-13-15,6950,20231015_新潟_結果_11
3連複,4-10-14,20380,20231015_新潟_結果_12
3連複,5-7-12,13870,20231015_東京_結果_1
3連複,2-4-5,220,20231015_東京_結果_2
3連複,1-6-7,1120,20231015_東京_結果_3
3連複,5-8-15,3250,20231015_東京_結果_4
3連複,2-13-14,10250,20231015_東京_結果_5
3連複,1-10-12,136050,20231015_東京_結果_6
3連複,5-7-8,1150,20231015_東京_結果_7
3連複,1-11-12,1150,20231015_東京_結果_8
3連複,5-7-9,24890,20231015_東京_結果_9
3連複,6-7-11,73010,20231015_東京_結果_10
3連複,1-8-11,4540,20231015_東京_結果_11
3連複,2-4-9,19920,20231015_東京_結果_12
3連複,3-4-10,2660,20231021_京都_結果_1
3連複,1-5-8,500,20231021_京都_結果_2
3連複,2-8-16,60300,20231021_京都_結果_3
3連複,5-8-14,15920,20231021_京都_結果_4
3連複,5-9-11,8810,20231021_京都_結果_5
3連複,2-9-14,14360,20231021_京都_結果_6
3連複,3-5-7,10310,20231021_京都_結果_7
3連複,1-6-8,320,20231021_京都_結果_8
3連複,12-14-16,36940,20231021_京都_結果_9
3連複,4-5-6,4710,20231021_京都_結果_10
3連複,2-11-13,3560,20231021_京都_結果_11
3連複,4-13-15,7260,20231021_京都_結果_12
3連複,3-6-13,3530,20231021_新潟_結果_1
3連複,7-8-14,2360,20231021_新潟_結果_2
3連複,4-8-14,560,20231021_新潟_結果_3
3連複,2-3-4,12070,20231021_新潟_結果_4
3連複,10-16-17,30140,20231021_新潟_結果_5
3連複,1-6-10,3900,20231021_新潟_結果_6
3連複,6-13-17,20650,20231021_新潟_結果_7
3連複,6-10-12,2400,20231021_新潟_結果_8
3連複,8-9-14,4960,20231021_新潟_結果_9
3連複,2-4-8,5730,20231021_新潟_結果_10
3連複,1-6-12,39590,20231021_新潟_結果_11
3連複,8-13-15,5690,20231021_新潟_結果_12
3連複,4-11-13,24370,20231021_東京_結果_1
3連複,2-3-9,181130,20231021_東京_結果_2
3連複,3-5-8,620,20231021_東京_結果_3
3連複,7-9-13,10620,20231021_東京_結果_4
3連複,2-6-16,3320,20231021_東京_結果_5
3連複,4-9-10,830,20231021_東京_結果_6
3連複,8-10-15,84000,20231021_東京_結果_7
3連複,2-9-12,45510,20231021_東京_結果_8
3連複,1-3-6,310,20231021_東京_結果_9
3連複,4-12-16,1540,20231021_東京_結果_10
3連複,4-6-9,6060,20231021_東京_結果_11
3連複,1-6-7,3780,20231021_東京_結果_12
3連複,4-7-8,260,20231022_京都_結果_1
3連複,2-3-4,800,20231022_京都_結果_2
3連複,6-8-10,1210,20231022_京都_結果_3
3連複,1-2-11,35600,20231022_京都_結果_4
3連複,3-5-8,36380,20231022_京都_結果_5
3連複,1-5-15,7840,20231022_京都_結果_6
3連複,1-7-11,74980,20231022_京都_結果_7
3連複,1-2-4,5730,20231022_京都_結果_8
3連複,1-4-6,3210,20231022_京都_結果_9
3連複,8-12-13,1220,20231022_京都_結果_10
3連複,7-14-17,1570,20231022_京都_結果_11
3連複,2-10-13,1870,20231022_京都_結果_12
3連複,6-8-9,1420,20231022_新潟_結果_1
3連複,3-6-9,1690,20231022_新潟_結果_2
3連複,6-7-12,8620,20231022_新潟_結果_3
3連複,5-10-11,4090,20231022_新潟_結果_4
3連複,7-8-15,11680,20231022_新潟_結果_5
3連複,1-4-12,14340,20231022_新潟_結果_6
3連複,2-3-5,32080,20231022_新潟_結果_7
3連複,5-8-10,290,20231022_新潟_結果_8
3連複,2-7-9,1960,20231022_新潟_結果_9
3連複,4-5-8,4600,20231022_新潟_結果_10
3連複,1-2-3,4850,20231022_新潟_結果_11
3連複,4-16-18,48620,20231022_新潟_結果_12
3連複,4-5-6,173110,20231022_東京_結果_1
3連複,4-6-8,14760,20231022_東京_結果_2
3連複,5-6-7,370,20231022_東京_結果_3
3連複,3-4-13,18440,20231022_東京_結果_4
3連複,9-13-15,14220,20231022_東京_結果_5
3連複,4-6-8,1880,20231022_東京_結果_6
3連複,3-9-10,2820,20231022_東京_結果_7
3連複,3-11-13,830,20231022_東京_結果_8
3連複,3-4-7,12970,20231022_東京_結果_9
3連複,1-9-14,11260,20231022_東京_結果_10
3連複,10-13-15,10830,20231022_東京_結果_11
3連複,1-2-16,45400,20231022_東京_結果_12
3連複,7-9-10,10710,20231028_京都_結果_1
3連複,5-6-7,3650,20231028_京都_結果_2
3連複,2-3-6,2010,20231028_京都_結果_3
3連複,2-4-5,9920,20231028_京都_結果_4
3連複,5-9-11,11720,20231028_京都_結果_5
3連複,1-4-6,1740,20231028_京都_結果_6
3連複,3-7-8,16990,20231028_京都_結果_7
3連複,2-4-5,1470,20231028_京都_結果_8
3連複,1-8-13,1560,20231028_京都_結果_9
3連複,6-11-13,9170,20231028_京都_結果_10
3連複,3-15-18,82160,20231028_京都_結果_11
3連複,4-8-13,18790,20231028_京都_結果_12
3連複,2-4-14,3880,20231028_新潟_結果_1
3連複,2-11-12,1450,20231028_新潟_結果_2
3連複,1-8-9,700,20231028_新潟_結果_3
3連複,2-10-14,131200,20231028_新潟_結果_4
3連複,3-14-16,9760,20231028_新潟_結果_5
3連複,8-11-15,10940,20231028_新潟_結果_6
3連複,9-10-16,48910,20231028_新潟_結果_7
3連複,1-7-13,8220,20231028_新潟_結果_8
3連複,8-9-12,12050,20231028_新潟_結果_9
3連複,5-7-14,122670,20231028_新潟_結果_10
3連複,4-5-9,150970,20231028_新潟_結果_11
3連複,5-6-8,7150,20231028_新潟_結果_12
3連複,4-7-10,1050,20231028_東京_結果_1
3連複,1-4-12,5430,20231028_東京_結果_2
3連複,3-4-9,660,20231028_東京_結果_3
3連複,3-10-12,6880,20231028_東京_結果_4
3連複,7-9-11,15140,20231028_東京_結果_5
3連複,8-9-11,2640,20231028_東京_結果_5
3連複,4-8-12,16750,20231028_東京_結果_6
3連複,5-12-14,8250,20231028_東京_結果_7
3連複,2-6-8,1730,20231028_東京_結果_8
3連複,4-5-6,5740,20231028_東京_結果_9
3連複,3-4-10,2490,20231028_東京_結果_10
3連複,4-8-9,810,20231028_東京_結果_11
3連複,1-5-6,1390,20231028_東京_結果_12
3連複,1-2-5,3200,20231029_京都_結果_1
3連複,3-7-9,5300,20231029_京都_結果_2
3連複,5-7-13,2820,20231029_京都_結果_3
3連複,1-6-9,5480,20231029_京都_結果_4
3連複,6-8-11,1530,20231029_京都_結果_5
3連複,4-5-9,3380,20231029_京都_結果_6
3連複,2-4-7,1290,20231029_京都_結果_7
3連複,8-13-14,5680,20231029_京都_結果_8
3連複,5-7-8,1390,20231029_京都_結果_9
3連複,2-8-15,6350,20231029_京都_結果_10
3連複,9-11-16,10310,20231029_京都_結果_11
3連複,3-11-13,32780,20231029_京都_結果_12
3連複,5-6-12,17620,20231029_新潟_結果_1
3連複,3-5-15,22260,20231029_新潟_結果_2
3連複,8-10-13,810,20231029_新潟_結果_3
3連複,1-3-9,5500,20231029_新潟_結果_4
3連複,2-11-15,50420,20231029_新潟_結果_5
3連複,4-8-9,21410,20231029_新潟_結果_6
3連複,3-6-9,3180,20231029_新潟_結果_7
3連複,4-7-8,9110,20231029_新潟_結果_8
3連複,1-6-10,4380,20231029_新潟_結果_9
3連複,6-8-13,9110,20231029_新潟_結果_10
3連複,2-8-14,273970,20231029_新潟_結果_11
3連複,1-4-7,29550,20231029_新潟_結果_12
3連複,4-5-9,2790,20231029_東京_結果_1
3連複,1-9-10,450,20231029_東京_結果_2
3連複,1-5-8,4310,20231029_東京_結果_3
3連複,2-11-14,521920,20231029_東京_結果_4
3連複,2-3-10,9580,20231029_東京_結果_5
3連複,2-3-11,1730,20231029_東京_結果_6
3連複,2-6-7,2910,20231029_東京_結果_7
3連複,2-6-7,1320,20231029_東京_結果_8
3連複,3-6-7,1300,20231029_東京_結果_9
3連複,1-6-10,8000,20231029_東京_結果_10
3連複,6-7-9,2180,20231029_東京_結果_11
3連複,12-13-14,37760,20231029_東京_結果_12
3連複,1-11-15,43450,20231104_京都_結果_1
3連複,3-8-11,230,20231104_京都_結果_2
3連複,8-10-12,2650,20231104_京都_結果_3
3連複,4-5-7,1800,20231104_京都_結果_4
3連複,4-9-10,5480,20231104_京都_結果_5
3連複,4-11-12,4570,20231104_京都_結果_6
3連複,3-6-10,4930,20231104_京都_結果_7
3連複,5-7-10,1770,20231104_京都_結果_8
3連複,1-6-8,2680,20231104_京都_結果_9
3連複,6-8-16,35620,20231104_京都_結果_10
3連複,1-6-11,364770,20231104_京都_結果_11
3連複,1-9-10,2140,20231104_京都_結果_12
3連複,2-5-8,330,20231104_東京_結果_1
3連複,3-5-14,16630,20231104_東京_結果_2
3連複,5-6-12,2290,20231104_東京_結果_3
3連複,1-2-12,790,20231104_東京_結果_4
3連複,3-4-7,3290,20231104_東京_結果_5
3連複,3-10-15,410,20231104_東京_結果_6
3連複,4-10-11,8800,20231104_東京_結果_7
3連複,2-7-12,47330,20231104_東京_結果_8
3連複,2-8-12,1770,20231104_東京_結果_9
3連複,3-8-10,4500,20231104_東京_結果_10
3連複,2-3-7,16220,20231104_東京_結果_11
3連複,2-7-8,2480,20231104_東京_結果_12
3連複,7-8-15,4320,20231104_福島_結果_1
3連複,1-7-11,580,20231104_福島_結果_2
3連複,1-3-11,25950,20231104_福島_結果_3
3連複,4-6-9,2820,20231104_福島_結果_4
3連複,2-12-14,1910,20231104_福島_結果_5
3連複,6-8-13,4650,20231104_福島_結果_6
3連複,5-6-13,1780,20231104_福島_結果_7
3連複,1-3-5,1120,20231104_福島_結果_8
3連複,6-9-12,394450,20231104_福島_結果_9
3連複,3-7-15,40250,20231104_福島_結果_10
3連複,1-2-8,35110,20231104_福島_結果_11
3連複,3-7-10,2730,20231104_福島_結果_12
3連複,3-4-13,7430,20231105_京都_結果_1
3連複,3-4-5,14780,20231105_京都_結果_2
3連複,6-8-9,11200,20231105_京都_結果_3
3連複,2-4-6,1320,20231105_京都_結果_4
3連複,1-2-4,4040,20231105_京都_結果_5
3連複,6-7-14,1800,20231105_京都_結果_6
3連複,3-8-10,22050,20231105_京都_結果_7
3連複,1-4-10,8920,20231105_京都_結果_8
3連複,6-8-9,18670,20231105_京都_結果_9
3連複,1-4-13,4130,20231105_京都_結果_10
3連複,7-14-15,2590,20231105_京都_結果_11
3連複,4-6-11,30870,20231105_京都_結果_12
3連複,2-3-13,178180,20231105_東京_結果_1
3連複,4-6-8,1220,20231105_東京_結果_2
3連複,1-3-5,3070,20231105_東京_結果_3
3連複,2-4-6,330,20231105_東京_結果_4
3連複,4-5-9,3640,20231105_東京_結果_5
3連複,4-5-11,3170,20231105_東京_結果_6
3連複,7-10-12,2440,20231105_東京_結果_7
3連複,3-8-13,2670,20231105_東京_結果_8
3連複,4-5-7,2080,20231105_東京_結果_9
3連複,5-10-13,3820,20231105_東京_結果_10
3連複,4-9-17,990,20231105_東京_結果_11
3連複,9-14-17,1790,20231105_東京_結果_11
3連複,7-9-12,510,20231105_東京_結果_12
3連複,5-10-12,260,20231105_福島_結果_1
3連複,2-5-13,2080,20231105_福島_結果_2
3連複,1-7-12,97600,20231105_福島_結果_3
3連複,1-8-10,1560,20231105_福島_結果_4
3連複,1-4-5,940,20231105_福島_結果_5
3連複,2-6-12,1500,20231105_福島_結果_6
3連複,2-3-6,4490,20231105_福島_結果_7
3連複,1-5-13,5900,20231105_福島_結果_8
3連複,10-11-12,11310,20231105_福島_結果_9
3連複,1-10-11,56380,20231105_福島_結果_10
3連複,9-11-16,116330,20231105_福島_結果_11
3連複,7-10-11,9560,20231105_福島_結果_12
3連複,2-11-14,12980,20231111_京都_結果_1
3連複,2-7-8,590,20231111_京都_結果_2
3連複,2-3-6,2250,20231111_京都_結果_3
3連複,7-10-11,1940,20231111_京都_結果_4
3連複,7-10-11,1920,20231111_京都_結果_5
3連複,3-5-10,2310,20231111_京都_結果_6
3連複,10-11-13,1840,20231111_京都_結果_7
3連複,1-9-11,5350,20231111_京都_結果_8
3連複,9-11-14,2520,20231111_京都_結果_9
3連複,11-12-14,4050,20231111_京都_結果_10
3連複,2-3-10,39580,20231111_京都_結果_11
3連複,6-11-12,10840,20231111_京都_結果_12
3連複,3-13-15,10660,20231111_東京_結果_1
3連複,4-7-8,1590,20231111_東京_結果_2
3連複,1-2-10,560,20231111_東京_結果_3
3連複,5-12-13,87470,20231111_東京_結果_4
3連複,3-6-9,520,20231111_東京_結果_5
3連複,8-9-12,1380,20231111_東京_結果_6
3連複,2-11-13,4330,20231111_東京_結果_7
3連複,5-10-16,18510,20231111_東京_結果_8
3連複,1-4-13,265490,20231111_東京_結果_9
3連複,5-14-15,7870,20231111_東京_結果_10
3連複,3-4-12,7660,20231111_東京_結果_11
3連複,2-5-6,960,20231111_東京_結果_12
3連複,8-10-11,1830,20231111_福島_結果_1
3連複,6-7-10,11990,20231111_福島_結果_2
3連複,1-5-8,3810,20231111_福島_結果_3
3連複,2-5-15,4010,20231111_福島_結果_4
3連複,5-12-15,3260,20231111_福島_結果_5
3連複,2-5-11,5580,20231111_福島_結果_6
3連複,7-8-16,22570,20231111_福島_結果_7
3連複,4-7-9,2140,20231111_福島_結果_8
3連複,5-7-9,2000,20231111_福島_結果_9
3連複,6-9-14,18810,20231111_福島_結果_10
3連複,1-3-8,13410,20231111_福島_結果_11
3連複,7-10-13,7480,20231111_福島_結果_12
3連複,1-3-7,1480,20231112_京都_結果_1
3連複,8-10-13,1510,20231112_京都_結果_2
3連複,2-11-13,37910,20231112_京都_結果_3
3連複,3-7-9,40910,20231112_京都_結果_4
3連複,2-6-7,1320,20231112_京都_結果_5
3連複,2-3-5,970,20231112_京都_結果_6
3連複,6-9-10,980,20231112_京都_結果_7
3連複,7-10-12,4100,20231112_京都_結果_8
3連複,2-4-5,1170,20231112_京都_結果_9
3連複,4-6-14,34680,20231112_京都_結果_10
3連複,1-2-3,2910,20231112_京都_結果_11
3連複,5-8-11,1860,20231112_京都_結果_12
3連複,5-8-11,440,20231112_東京_結果_1
3連複,6-8-12,1340,20231112_東京_結果_2
3連複,7-11-12,1780,20231112_東京_結果_3
3連複,2-9-10,72310,20231112_東京_結果_4
3連複,1-5-6,1130,20231112_東京_結果_5
3連複,5-8-12,4640,20231112_東京_結果_6
3連複,1-3-13,2710,20231112_東京_結果_7
3連複,1-2-4,2450,20231112_東京_結果_8
3連複,1-5-13,90630,20231112_東京_結果_9
3連複,5-7-14,1150,20231112_東京_結果_10
3連複,9-10-18,34270,20231112_東京_結果_11
3連複,1-8-10,2350,20231112_東京_結果_12
3連複,2-8-15,11630,20231112_福島_結果_1
3連複,4-12-14,8890,20231112_福島_結果_2
3連複,1-3-9,3960,20231112_福島_結果_3
3連複,5-7-8,13960,20231112_福島_結果_4
3連複,1-6-8,22140,20231112_福島_結果_5
3連複,2-3-6,31270,20231112_福島_結果_6
3連複,2-3-5,20930,20231112_福島_結果_7
3連複,2-5-7,16610,20231112_福島_結果_8
3連複,5-11-14,4790,20231112_福島_結果_9
3連複,7-12-14,5290,20231112_福島_結果_10
3連複,2-6-7,15600,20231112_福島_結果_11
3連複,4-12-16,19610,20231112_福島_結果_12
3連複,6-10-11,3630,20231118_京都_結果_1
3連複,7-9-10,340,20231118_京都_結果_2
3連複,6-7-9,8290,20231118_京都_結果_3
3連複,1-5-10,9550,20231118_京都_結果_4
3連複,4-6-10,9820,20231118_京都_結果_5
3連複,1-4-6,1000,20231118_京都_結果_6
3連複,4-5-6,960,20231118_京都_結果_7
3連複,2-3-7,2310,20231118_京都_結果_8
3連複,9-10-15,62400,20231118_京都_結果_9
3連複,2-6-12,6760,20231118_京都_結果_10
3連複,1-2-16,980,20231118_京都_結果_11
3連複,9-12-15,2220,20231118_京都_結果_12
3連複,9-11-12,2000,20231118_東京_結果_1
3連複,5-11-15,1830,20231118_東京_結果_2
3連複,2-14-16,61990,20231118_東京_結果_3
3連複,5-10-11,630,20231118_東京_結果_4
3連複,6-9-11,3660,20231118_東京_結果_5
3連複,3-5-6,270,20231118_東京_結果_6
3連複,3-7-8,2840,20231118_東京_結果_7
3連複,4-14-16,6040,20231118_東京_結果_8
3連複,4-10-11,1440,20231118_東京_結果_9
3連複,6-12-13,1660,20231118_東京_結果_10
3連複,1-3-7,12760,20231118_東京_結果_11
3連複,6-11-15,820,20231118_東京_結果_12
3連複,3-7-10,4690,20231118_福島_結果_1
3連複,3-7-11,11540,20231118_福島_結果_2
3連複,5-12-15,5170,20231118_福島_結果_3
3連複,7-8-9,4080,20231118_福島_結果_4
3連複,7-9-10,13960,20231118_福島_結果_5
3連複,1-10-11,1400,20231118_福島_結果_6
3連複,12-13-14,10790,20231118_福島_結果_7
3連複,2-4-8,1980,20231118_福島_結果_8
3連複,3-5-6,54840,20231118_福島_結果_9
3連複,2-4-15,5280,20231118_福島_結果_10
3連複,4-8-10,84810,20231118_福島_結果_11
3連複,1-14-16,15190,20231118_福島_結果_12
3連複,1-7-10,3650,20231119_京都_結果_1
3連複,2-4-11,18290,20231119_京都_結果_2
3連複,4-7-10,17790,20231119_京都_結果_3
3連複,1-8-12,3450,20231119_京都_結果_4
3連複,2-5-6,1060,20231119_京都_結果_5
3連複,8-12-14,1670,20231119_京都_結果_6
3連複,10-11-15,1280,20231119_京都_結果_7
3連複,9-12-15,161720,20231119_京都_結果_8
3連複,1-3-5,7540,20231119_京都_結果_9
3連複,4-8-11,4730,20231119_京都_結果_10
3連複,1-5-16,30930,20231119_京都_結果_11
3連複,5-7-11,2850,20231119_京都_結果_12
3連複,12-14-16,820,20231119_東京_結果_1
3連複,3-6-12,410,20231119_東京_結果_2
3連複,4-9-13,11430,20231119_東京_結果_3
3連複,11-15-16,3670,20231119_東京_結果_4
3連複,6-9-16,10470,20231119_東京_結果_5
3連複,9-11-13,1550,20231119_東京_結果_6
3連複,7-10-14,5950,20231119_東京_結果_7
3連複,9-10-14,4030,20231119_東京_結果_8
3連複,6-8-9,2080,20231119_東京_結果_9
3連複,3-5-7,8880,20231119_東京_結果_10
3連複,1-6-11,208770,20231119_東京_結果_11
3連複,10-12-16,3870,20231119_東京_結果_12
3連複,9-10-15,1800,20231119_福島_結果_1
3連複,9-11-12,4940,20231119_福島_結果_2
3連複,10-13-15,2210,20231119_福島_結果_3
3連複,6-7-12,24180,20231119_福島_結果_4
3連複,5-7-12,3230,20231119_福島_結果_5
3連複,1-8-16,3490,20231119_福島_結果_6
3連複,6-8-16,9190,20231119_福島_結果_7
3連複,3-5-6,2000,20231119_福島_結果_8
3連複,3-6-9,9890,20231119_福島_結果_9
3連複,2-3-5,14500,20231119_福島_結果_10
3連複,1-4-11,4180,20231119_福島_結果_11
3連複,2-4-13,4090,20231119_福島_結果_12
3連複,8-11-15,3900,20231125_京都_結果_1
3連複,3-7-12,1220,20231125_京都_結果_2
3連複,2-7-8,350,20231125_京都_結果_3
3連複,5-6-9,860,20231125_京都_結果_4
3連複,5-6-8,3240,20231125_京都_結果_5
3連複,7-9-10,50000,20231125_京都_結果_6
3連複,4-6-9,27720,20231125_京都_結果_7
3連複,2-14-16,12580,20231125_京都_結果_8
3連複,1-4-11,1180,20231125_京都_結果_9
3連複,3-8-16,2010,20231125_京都_結果_10
3連複,5-10-13,11650,20231125_京都_結果_11
3連複,6-11-13,51780,20231125_京都_結果_12
3連複,13-14-15,61750,20231125_東京_結果_1
3連複,6-7-14,17320,20231125_東京_結果_2
3連複,3-6-11,630,20231125_東京_結果_3
3連複,1-7-9,32710,20231125_東京_結果_4
3連複,5-8-12,2550,20231125_東京_結果_5
3連複,2-9-13,3000,20231125_東京_結果_6
3連複,5-8-11,11070,20231125_東京_結果_7
3連複,8-14-16,2520,20231125_東京_結果_8
3連複,6-9-12,122040,20231125_東京_結果_9
3連複,3-8-14,2080,20231125_東京_結果_10
3連複,3-8-10,710,20231125_東京_結果_11
3連複,1-2-9,2110,20231125_東京_結果_12
3連複,4-7-12,3230,20231126_京都_結果_1
3連複,6-13-17,3390,20231126_京都_結果_2
3連複,4-10-12,3150,20231126_京都_結果_3
3連複,7-8-9,2790,20231126_京都_結果_4
3連複,3-10-11,5400,20231126_京都_結果_5
3連複,2-5-8,3750,20231126_京都_結果_6
3連複,9-11-15,42140,20231126_京都_結果_7
3連複,1-8-10,6680,20231126_京都_結果_8
3連複,1-6-8,6030,20231126_京都_結果_9
3連複,1-5-8,4570,20231126_京都_結果_10
3連複,1-4-16,8360,20231126_京都_結果_11
3連複,6-10-17,5210,20231126_京都_結果_12
3連複,2-5-13,1190,20231126_東京_結果_1
3連複,2-7-14,800,20231126_東京_結果_2
3連複,4-14-15,25530,20231126_東京_結果_3
3連複,1-6-7,62640,20231126_東京_結果_4
3連複,2-4-7,920,20231126_東京_結果_5
3連複,8-9-13,12150,20231126_東京_結果_6
3連複,10-11-14,5530,20231126_東京_結果_7
3連複,4-7-8,350,20231126_東京_結果_8
3連複,5-8-9,560,20231126_東京_結果_9
3連複,6-10-15,19840,20231126_東京_結果_10
3連複,5-7-12,5400,20231126_東京_結果_11
3連複,1-2-17,600,20231126_東京_結果_12
3連複,1-9-14,2350,20231202_中京_結果_1
3連複,2-3-8,10430,20231202_中京_結果_2
3連複,4-7-10,34200,20231202_中京_結果_3
3連複,6-9-11,550,20231202_中京_結果_4
3連複,2-4-5,72240,20231202_中京_結果_5
3連複,7-10-14,5000,20231202_中京_結果_6
3連複,6-9-14,53630,20231202_中京_結果_7
3連複,10-13-15,1930,20231202_中京_結果_8
3連複,1-8-12,34290,20231202_中京_結果_9
3連複,1-3-5,2960,20231202_中京_結果_10
3連複,3-6-12,1590,20231202_中京_結果_11
3連複,6-10-14,52680,20231202_中京_結果_12
3連複,10-12-15,4030,20231202_中山_結果_1
3連複,9-13-14,4850,20231202_中山_結果_2
3連複,1-5-16,1820,20231202_中山_結果_3
3連複,2-8-14,1920,20231202_中山_結果_4
3連複,5-8-16,4270,20231202_中山_結果_5
3連複,11-13-15,19720,20231202_中山_結果_6
3連複,4-11-12,1013720,20231202_中山_結果_7
3連複,1-5-9,3740,20231202_中山_結果_8
3連複,1-7-9,4130,20231202_中山_結果_9
3連複,2-11-16,1100,20231202_中山_結果_10
3連複,5-7-11,7580,20231202_中山_結果_11
3連複,4-13-14,27490,20231202_中山_結果_12
3連複,3-8-9,16180,20231202_阪神_結果_1
3連複,1-5-6,390,20231202_阪神_結果_2
3連複,2-4-8,59940,20231202_阪神_結果_3
3連複,1-7-8,540,20231202_阪神_結果_4
3連複,4-5-12,22420,20231202_阪神_結果_5
3連複,4-8-9,820,20231202_阪神_結果_6
3連複,10-12-13,3460,20231202_阪神_結果_7
3連複,4-6-9,1380,20231202_阪神_結果_8
3連複,1-8-10,3710,20231202_阪神_結果_9
3連複,7-8-13,12960,20231202_阪神_結果_10
3連複,2-4-5,10520,20231202_阪神_結果_11
3連複,3-4-8,890,20231202_阪神_結果_12
3連複,1-3-4,1860,20231203_中京_結果_1
3連複,3-5-10,6330,20231203_中京_結果_2
3連複,3-5-10,1440,20231203_中京_結果_3
3連複,2-4-5,3630,20231203_中京_結果_4
3連複,4-6-7,6400,20231203_中京_結果_5
3連複,2-3-12,19410,20231203_中京_結果_6
3連複,4-6-7,6670,20231203_中京_結果_7
3連複,2-5-6,330,20231203_中京_結果_8
3連複,4-13-15,58420,20231203_中京_結果_9
3連複,9-10-16,1440,20231203_中京_結果_10
3連複,9-12-16,3060,20231203_中京_結果_10
3連複,5-7-15,469320,20231203_中京_結果_11
3連複,6-7-10,8460,20231203_中京_結果_12
3連複,1-10-15,2330,20231203_中山_結果_1
3連複,8-10-13,2540,20231203_中山_結果_2
3連複,2-12-15,5310,20231203_中山_結果_3
3連複,4-6-12,9340,20231203_中山_結果_4
3連複,2-8-12,5620,20231203_中山_結果_5
3連複,5-9-13,19220,20231203_中山_結果_6
3連複,8-9-10,4270,20231203_中山_結果_7
3連複,2-8-11,2360,20231203_中山_結果_8
3連複,1-5-15,267200,20231203_中山_結果_9
3連複,2-4-16,25100,20231203_中山_結果_10
3連複,2-5-8,7380,20231203_中山_結果_11
3連複,5-8-11,4000,20231203_中山_結果_12
3連複,5-11-13,4530,20231203_阪神_結果_1
3連複,1-4-6,1950,20231203_阪神_結果_2
3連複,6-9-14,5620,20231203_阪神_結果_3
3連複,4-10-11,550,20231203_阪神_結果_4
3連複,1-6-9,4560,20231203_阪神_結果_5
3連複,3-6-7,4650,20231203_阪神_結果_6
3連複,4-7-8,59960,20231203_阪神_結果_7
3連複,7-14-15,3180,20231203_阪神_結果_8
3連複,3-13-15,17440,20231203_阪神_結果_9
3連複,2-14-16,22610,20231203_阪神_結果_10
3連複,4-9-12,2560,20231203_阪神_結果_11
3連複,2-3-5,4570,20231203_阪神_結果_12
3連複,4-7-8,7740,20231209_中京_結果_1
3連複,2-6-9,1210,20231209_中京_結果_2
3連複,3-5-8,830,20231209_中京_結果_3
3連複,4-11-15,1960,20231209_中京_結果_4
3連複,4-10-12,4830,20231209_中京_結果_5
3連複,2-8-12,14420,20231209_中京_結果_6
3連複,5-6-11,13290,20231209_中京_結果_7
3連複,1-6-17,6850,20231209_中京_結果_8
3連複,1-6-9,5350,20231209_中京_結果_9
3連複,1-8-12,26280,20231209_中京_結果_10
3連複,7-11-15,19800,20231209_中京_結果_11
3連複,3-4-8,4810,20231209_中京_結果_12
3連複,5-8-9,2770,20231209_中山_結果_1
3連複,3-10-12,1200,20231209_中山_結果_2
3連複,3-9-15,3480,20231209_中山_結果_3
3連複,2-8-9,1220,20231209_中山_結果_4
3連複,4-6-16,45330,20231209_中山_結果_5
3連複,8-13-16,19100,20231209_中山_結果_6
3連複,3-7-11,3800,20231209_中山_結果_7
3連複,2-7-16,21210,20231209_中山_結果_8
3連複,2-4-9,480,20231209_中山_結果_9
3連複,4-8-11,1130,20231209_中山_結果_10
3連複,5-9-11,5990,20231209_中山_結果_11
3連複,2-8-16,11930,20231209_中山_結果_12
3連複,3-4-6,480,20231209_阪神_結果_1
3連複,3-6-7,600,20231209_阪神_結果_2
3連複,5-7-11,950,20231209_阪神_結果_3
3連複,3-9-11,12150,20231209_阪神_結果_4
3連複,1-3-10,7930,20231209_阪神_結果_5
3連複,2-3-9,3430,20231209_阪神_結果_6
3連複,1-2-10,2110,20231209_阪神_結果_7
3連複,1-2-11,2090,20231209_阪神_結果_8
3連複,3-5-8,8380,20231209_阪神_結果_9
3連複,8-10-12,24020,20231209_阪神_結果_10
3連複,3-7-9,1030,20231209_阪神_結果_11
3連複,1-4-6,2290,20231209_阪神_結果_12
3連複,5-8-9,6190,20231210_中京_結果_1
3連複,3-7-9,3040,20231210_中京_結果_2
3連複,3-7-9,1570,20231210_中京_結果_3
3連複,7-11-15,75350,20231210_中京_結果_4
3連複,1-3-7,23530,20231210_中京_結果_5
3連複,1-10-12,4360,20231210_中京_結果_6
3連複,3-4-7,7800,20231210_中京_結果_7
3連複,4-15-16,105860,20231210_中京_結果_8
3連複,1-3-9,23210,20231210_中京_結果_9
3連複,7-9-12,11780,20231210_中京_結果_10
3連複,4-5-7,1960,20231210_中京_結果_11
3連複,2-8-13,5850,20231210_中京_結果_12
3連複,8-11-15,6980,20231210_中山_結果_1
3連複,5-10-11,2310,20231210_中山_結果_2
3連複,1-4-11,4280,20231210_中山_結果_3
3連複,3-5-7,30380,20231210_中山_結果_4
3連複,3-13-16,6550,20231210_中山_結果_5
3連複,8-10-12,990,20231210_中山_結果_6
3連複,1-14-15,34510,20231210_中山_結果_7
3連複,9-10-11,960,20231210_中山_結果_8
3連複,3-7-10,5160,20231210_中山_結果_9
3連複,1-6-11,28970,20231210_中山_結果_10
3連複,2-3-13,36830,20231210_中山_結果_11
3連複,4-5-9,10170,20231210_中山_結果_12
3連複,5-8-13,5980,20231210_阪神_結果_1
3連複,5-8-10,5770,20231210_阪神_結果_2
3連複,1-3-8,710,20231210_阪神_結果_3
3連複,8-10-16,353770,20231210_阪神_結果_4
3連複,1-2-3,750,20231210_阪神_結果_5
3連複,3-4-7,1300,20231210_阪神_結果_6
3連複,3-6-8,2160,20231210_阪神_結果_7
3連複,3-5-7,5910,20231210_阪神_結果_8
3連複,1-7-9,43620,20231210_阪神_結果_9
3連複,9-11-12,12080,20231210_阪神_結果_10
3連複,6-7-10,3680,20231210_阪神_結果_11
3連複,8-9-11,1050,20231210_阪神_結果_12
3連複,6-10-14,4020,20231216_中京_結果_1
3連複,6-10-14,4040,20231216_中京_結果_2
3連複,1-8-12,10160,20231216_中京_結果_3
3連複,1-4-7,680,20231216_中京_結果_4
3連複,3-7-12,202180,20231216_中京_結果_5
3連複,2-9-10,5290,20231216_中京_結果_6
3連複,2-11-14,3390,20231216_中京_結果_7
3連複,1-6-13,3480,20231216_中京_結果_8
3連複,2-11-16,10630,20231216_中京_結果_9
3連複,2-5-9,600,20231216_中京_結果_10
3連複,2-9-13,4770,20231216_中京_結果_11
3連複,5-6-7,45170,20231216_中京_結果_12
3連複,3-6-12,1400,20231216_中山_結果_1
3連複,4-10-15,8470,20231216_中山_結果_2
3連複,3-10-14,1360,20231216_中山_結果_3
3連複,2-8-10,550,20231216_中山_結果_4
3連複,7-8-16,11290,20231216_中山_結果_5
3連複,11-13-15,3230,20231216_中山_結果_6
3連複,6-11-12,7470,20231216_中山_結果_7
3連複,1-5-15,2350,20231216_中山_結果_8
3連複,4-7-13,9840,20231216_中山_結果_9
3連複,7-10-13,68610,20231216_中山_結果_10
3連複,2-5-6,15330,20231216_中山_結果_11
3連複,2-10-12,13700,20231216_中山_結果_12
3連複,1-12-15,3600,20231216_阪神_結果_1
3連複,7-10-11,3130,20231216_阪神_結果_2
3連複,8-10-16,4460,20231216_阪神_結果_3
3連複,7-9-10,14260,20231216_阪神_結果_4
3連複,2-3-9,3110,20231216_阪神_結果_5
3連複,2-3-8,8890,20231216_阪神_結果_6
3連複,3-7-8,440,20231216_阪神_結果_7
3連複,1-13-14,1910,20231216_阪神_結果_8
3連複,9-10-12,5860,20231216_阪神_結果_9
3連複,8-9-13,3150,20231216_阪神_結果_10
3連複,1-2-5,16310,20231216_阪神_結果_11
3連複,1-7-9,3290,20231216_阪神_結果_12
3連複,1-3-8,1670,20231217_中京_結果_1
3連複,8-12-13,10510,20231217_中京_結果_2
3連複,3-7-13,8410,20231217_中京_結果_3
3連複,2-11-12,3690,20231217_中京_結果_4
3連複,5-7-9,4290,20231217_中京_結果_5
3連複,7-12-13,21960,20231217_中京_結果_6
3連複,1-8-11,2290,20231217_中京_結果_7
3連複,8-9-13,8360,20231217_中京_結果_8
3連複,5-8-10,5190,20231217_中京_結果_9
3連複,4-8-13,41630,20231217_中京_結果_10
3連複,4-7-14,22490,20231217_中京_結果_11
3連複,3-4-5,340,20231217_中京_結果_12
3連複,12-14-16,34860,20231217_中山_結果_1
3連複,6-11-15,875940,20231217_中山_結果_2
3連複,1-2-16,1290,20231217_中山_結果_3
3連複,4-10-11,2300,20231217_中山_結果_4
3連複,9-12-16,2200,20231217_中山_結果_5
3連複,7-9-10,61380,20231217_中山_結果_6
3連複,5-8-17,12290,20231217_中山_結果_7
3連複,3-12-14,1570,20231217_中山_結果_8
3連複,5-6-8,530,20231217_中山_結果_9
3連複,1-2-8,690,20231217_中山_結果_10
3連複,7-8-13,6620,20231217_中山_結果_11
3連複,3-9-13,7710,20231217_中山_結果_12
3連複,3-4-7,4550,20231217_阪神_結果_1
3連複,4-7-13,64030,20231217_阪神_結果_2
3連複,3-7-10,1080,20231217_阪神_結果_3
3連複,3-5-6,8090,20231217_阪神_結果_4
3連複,5-8-10,6450,20231217_阪神_結果_5
3連複,2-5-7,3590,20231217_阪神_結果_6
3連複,3-4-8,3940,20231217_阪神_結果_7
3連複,7-12-14,3900,20231217_阪神_結果_8
3連複,8-9-11,1010,20231217_阪神_結果_9
3連複,12-14-16,9690,20231217_阪神_結果_10
3連複,1-3-5,3540,20231217_阪神_結果_11
3連複,9-11-15,1510,20231217_阪神_結果_12
3連複,3-4-5,14530,20231223_中山_結果_1
3連複,1-4-15,1540,20231223_中山_結果_2
3連複,1-9-15,860,20231223_中山_結果_3
3連複,2-5-9,640,20231223_中山_結果_4
3連複,1-2-12,12830,20231223_中山_結果_5
3連複,1-8-12,174130,20231223_中山_結果_6
3連複,6-13-14,3300,20231223_中山_結果_7
3連複,1-5-10,28870,20231223_中山_結果_8
3連複,4-6-7,40480,20231223_中山_結果_9
3連複,1-3-9,2160,20231223_中山_結果_10
3連複,4-7-10,12540,20231223_中山_結果_11
3連複,2-8-10,8440,20231223_中山_結果_12
3連複,4-5-8,7290,20231223_阪神_結果_1
3連複,2-3-14,9070,20231223_阪神_結果_2
3連複,4-7-8,1010,20231223_阪神_結果_3
3連複,2-3-6,3660,20231223_阪神_結果_4
3連複,5-6-10,9310,20231223_阪神_結果_5
3連複,2-4-16,4860,20231223_阪神_結果_6
3連複,1-2-6,5530,20231223_阪神_結果_7
3連複,2-8-10,950,20231223_阪神_結果_8
3連複,5-7-12,1660,20231223_阪神_結果_9
3連複,2-6-16,19750,20231223_阪神_結果_10
3連複,4-10-14,3960,20231223_阪神_結果_11
3連複,6-10-13,29910,20231223_阪神_結果_12
3連複,4-7-10,1360,20231224_中山_結果_1
3連複,2-4-12,680,20231224_中山_結果_2
3連複,3-9-16,1350,20231224_中山_結果_3
3連複,6-8-12,2420,20231224_中山_結果_4
3連複,3-4-9,30930,20231224_中山_結果_5
3連複,3-9-12,4820,20231224_中山_結果_6
3連複,6-8-16,3400,20231224_中山_結果_7
3連複,8-9-11,3310,20231224_中山_結果_8
3連複,4-6-8,14740,20231224_中山_結果_9
3連複,1-10-16,2140,20231224_中山_結果_10
3連複,4-5-16,8050,20231224_中山_結果_11
3連複,3-11-16,9200,20231224_中山_結果_12
3連複,6-7-13,14650,20231224_阪神_結果_1
3連複,4-12-16,1670,20231224_阪神_結果_2
3連複,3-6-7,2500,20231224_阪神_結果_3
3連複,7-9-15,41270,20231224_阪神_結果_4
3連複,2-4-11,660,20231224_阪神_結果_5
3連複,2-6-8,4580,20231224_阪神_結果_6
3連複,2-9-11,620,20231224_阪神_結果_7
3連複,3-6-10,1150,20231224_阪神_結果_8
3連複,13-14-15,39390,20231224_阪神_結果_9
3連複,3-8-13,39260,20231224_阪神_結果_10
3連複,6-12-15,5750,20231224_阪神_結果_11
3連複,2-4-10,63330,20231224_阪神_結果_12
3連複,5-10-16,750,20231228_中山_結果_1
3連複,4-10-13,1210,20231228_中山_結果_2
3連複,2-6-13,9760,20231228_中山_結果_3
3連複,8-11-13,3390,20231228_中山_結果_4
3連複,3-7-8,6810,20231228_中山_結果_5
3連複,5-7-9,10170,20231228_中山_結果_6
3連複,6-10-14,7480,20231228_中山_結果_7
3連複,1-5-16,50030,20231228_中山_結果_8
3連複,5-8-15,50730,20231228_中山_結果_9
3連複,5-12-13,16230,20231228_中山_結果_10
3連複,5-6-13,18800,20231228_中山_結果_11
3連複,1-6-10,9270,20231228_中山_結果_12
3連複,3-7-14,33170,20231228_阪神_結果_1
3連複,2-3-10,6390,20231228_阪神_結果_2
3連複,3-6-9,4450,20231228_阪神_結果_3
3連複,1-3-10,53770,20231228_阪神_結果_4
3連複,4-5-11,860,20231228_阪神_結果_5
3連複,1-4-6,16240,20231228_阪神_結果_6
3連複,4-5-11,18350,20231228_阪神_結果_7
3連複,3-8-14,12740,20231228_阪神_結果_8
3連複,9-14-16,46670,20231228_阪神_結果_9
3連複,6-9-11,7020,20231228_阪神_結果_10
3連複,5-10-15,1420,20231228_阪神_結果_11
3連複,2-5-12,7370,20231228_阪神_結果_12
3連複,3-4-5,50750,20240901_中京_結果_1
3連複,9-12-13,7820,20240901_中京_結果_2
3連複,2-4-5,3200,20240901_中京_結果_3
3連複,9-12-14,2050,20240901_中京_結果_4
3連複,3-5-11,1390,20240901_中京_結果_5
3連複,6-8-14,8380,20240901_中京_結果_6
3連複,4-5-11,47040,20240901_中京_結果_7
3連複,1-6-16,8450,20240901_中京_結果_8
3連複,1-5-7,360,20240901_中京_結果_9
3連複,9-10-13,3100,20240901_中京_結果_10
3連複,1-8-10,7520,20240901_中京_結果_11
3連複,7-12-16,6390,20240901_中京_結果_12
3連複,1-2-3,4110,20241005_新潟_結果_1
3連複,8-10-12,1890,20241005_新潟_結果_2
3連複,4-10-11,3650,20241005_新潟_結果_3
3連複,9-10-11,740,20241005_新潟_結果_4
3連複,8-11-13,30450,20241005_新潟_結果_5
3連複,2-5-11,1920,20241005_新潟_結果_6
3連複,1-9-11,1990,20241005_新潟_結果_7
3連複,4-9-10,4550,20241005_新潟_結果_8
3連複,5-8-12,4100,20241005_新潟_結果_9
3連複,4-9-15,9350,20241005_新潟_結果_10
3連複,3-7-9,124380,20241005_新潟_結果_11
3連複,4-11-18,18840,20241005_新潟_結果_12
3連複,1-3-6,200,20241102_京都_結果_1
3連複,1-7-8,4710,20241102_京都_結果_2
3連複,2-3-5,7560,20241102_京都_結果_3
3連複,3-4-8,560,20241102_京都_結果_4
3連複,3-9-16,9050,20241102_京都_結果_5
3連複,1-8-14,64570,20241102_京都_結果_6
3連複,2-3-4,700,20241102_京都_結果_7
3連複,0.0,0.0,20241102_京都_結果_8
3連複,1-5-7,890,20241102_京都_結果_9
3連複,2-3-4,14600,20241102_京都_結果_10
3連複,4-12-13,134060,20241102_京都_結果_11
3連複,3-4-5,7090,20241102_京都_結果_12
3連複,2-3-10,7060,20241102_東京_結果_1
3連複,1-3-8,760,20241102_東京_結果_2
3連複,2-8-9,8800,20241102_東京_結果_3
3連複,1-3-8,1210,20241102_東京_結果_4
3連複,1-3-6,2120,20241102_東京_結果_5
3連複,9-10-11,2680,20241102_東京_結果_6
3連複,1-2-3,810,20241102_東京_結果_7
3連複,1-2-4,4100,20241102_東京_結果_8
3連複,1-3-10,12480,20241102_東京_結果_9
3連複,1-3-7,1540,20241102_東京_結果_10
3連複,4-7-11,17140,20241102_東京_結果_11
3連複,1-3-6,900,20241102_東京_結果_12
3連複,5-8-13,7640,20241102_福島_結果_1
3連複,1-3-11,37950,20241102_福島_結果_2
3連複,3-4-9,103560,20241102_福島_結果_3
3連複,4-8-12,11000,20241102_福島_結果_4
3連複,2-8-13,15250,20241102_福島_結果_5
3連複,3-8-12,203690,20241102_福島_結果_6
3連複,3-4-10,9480,20241102_福島_結果_7
3連複,1-6-7,33850,20241102_福島_結果_8
3連複,1-2-7,1940,20241102_福島_結果_9
3連複,3-6-9,10720,20241102_福島_結果_10
3連複,1-2-16,33700,20241102_福島_結果_11
3連複,2-3-11,47020,20241102_福島_結果_12
3連複,3-5-11,27690,20241102_福島_結果_12
